city_a,city_b,distance_km,route_basis,check_note
Vijayawada,Visakhapatnam,362,NH only (black),
Varanasi,Visakhapatnam,1417,NH only (black),
Varanasi,Vijayawada,1477,NH only (black),
Udaipur,Visakhapatnam,2108,NH+SH (blue),
Udaipur,Vijayawada,1761,NH+SH (blue),
Udaipur,Varanasi,1182,NH only (black),
Udhagamandalam,Visakhapatnam,1353,NH+SH (blue),
Udhagamandalam,Vijayawada,991,NH+SH (blue),
Udhagamandalam,Varanasi,2054,NH+SH (blue),
Udhagamandalam,Udaipur,2051,NH+SH (blue),
Thiruvananthapuram,Visakhapatnam,1593,NH only (black),
Thiruvananthapuram,Vijayawada,1231,NH only (black),
Thiruvananthapuram,Varanasi,2534,NH only (black),
Thiruvananthapuram,Udaipur,2370,NH only (black),
Thiruvananthapuram,Udhagamandalam,654,NH+SH (blue),
Tirupati,Visakhapatnam,719,NH+SH (blue),
Tirupati,Vijayawada,357,NH+SH (blue),
Tirupati,Varanasi,1812,NH+SH (blue),
Tirupati,Udaipur,2096,NH+SH (blue),
Tirupati,Udhagamandalam,520,NH+SH (blue),
Tirupati,Thiruvananthapuram,949,NH+SH (blue),
Srinagar,Visakhapatnam,2777,NH only (black),
Srinagar,Vijayawada,2622,NH only (black),
Srinagar,Varanasi,1663,NH only (black),
Srinagar,Udaipur,1516,NH only (black),
Srinagar,Udhagamandalam,3168,NH+SH (blue),
Srinagar,Thiruvananthapuram,3664,NH only (black),
Srinagar,Tirupati,2957,NH+SH (blue),
Shimla,Visakhapatnam,2233,NH only (black),
Shimla,Vijayawada,2078,NH only (black),
Shimla,Varanasi,1132,NH only (black),
Shimla,Udaipur,975,NH only (black),
Shimla,Udhagamandalam,2619,NH+SH (blue),
Shimla,Thiruvananthapuram,3115,NH only (black),
Shimla,Tirupati,2413,NH+SH (blue),
Shimla,Srinagar,739,NH+SH (blue),
Shillong,Visakhapatnam,2153,NH only (black),
Shillong,Vijayawada,2515,NH only (black),
Shillong,Varanasi,1360,NH only (black),
Shillong,Udaipur,2520,NH only (black),
Shillong,Udhagamandalam,3506,NH+SH (blue),
Shillong,Thiruvananthapuram,3754,NH only (black),
Shillong,Tirupati,2672,NH+SH (blue),
Shillong,Srinagar,3011,NH only (black),
Shillong,Shimla,2462,NH only (black),
Rameshwaram,Visakhapatnam,1381,NH only (black),
Rameshwaram,Vijayawada,1079,NH only (black),
Rameshwaram,Varanasi,2387,NH only (black),
Rameshwaram,Udaipur,2384,NH only (black),
Rameshwaram,Udhagamandalam,493,NH+SH (blue),
Rameshwaram,Thiruvananthapuram,486,NH only (black),
Rameshwaram,Tirupati,797,NH+SH (blue),
Rameshwaram,Srinagar,3516,NH only (black),
Rameshwaram,Shimla,2952,NH only (black),
Rameshwaram,Shillong,3542,NH only (black),
Puducherry,Visakhapatnam,757,NH only (black),
Puducherry,Vijayawada,595,NH only (black),
Puducherry,Varanasi,2374,NH only (black),
Puducherry,Udaipur,2126,NH+SH (blue),
Puducherry,Udhagamandalam,392,NH+SH (blue),
Puducherry,Thiruvananthapuram,659,NH only (black),
Puducherry,Tirupati,313,NH+SH (blue),
Puducherry,Srinagar,3717,NH only (black),
Puducherry,Shimla,2693,NH only (black),
Puducherry,Shillong,3065,NH only (black),
Puducherry,Rameshwaram,441,NH+SH (blue),
Patna,Visakhapatnam,1376,NH only (black),
Patna,Vijayawada,1738,NH only (black),
Patna,Varanasi,246,NH only (black),
Patna,Udaipur,1408,NH only (black),
Patna,Udhagamandalam,2253,NH+SH (blue),
Patna,Thiruvananthapuram,2729,NH only (black),
Patna,Tirupati,2095,NH+SH (blue),
Patna,Srinagar,1925,NH only (black),
Patna,Shimla,1376,NH only (black),
Patna,Shillong,1114,NH only (black),
Patna,Rameshwaram,2674,NH only (black),
Patna,Puducherry,2277,NH only (black),
Panaji,Visakhapatnam,1401,NH+SH (blue),
Panaji,Vijayawada,1039,NH+SH (blue),
Panaji,Varanasi,2168,NH+SH (blue),
Panaji,Udaipur,1374,NH+SH (blue),
Panaji,Udhagamandalam,704,NH+SH (blue),
Panaji,Thiruvananthapuram,972,NH only (black),
Panaji,Tirupati,769,NH+SH (blue),
Panaji,Srinagar,2851,NH only (black),
Panaji,Shimla,2313,NH only (black),
Panaji,Shillong,3558,NH+SH (blue),
Panaji,Rameshwaram,1180,NH+SH (blue),
Panaji,Puducherry,896,NH+SH (blue),
Panaji,Patna,2189,NH+SH (blue),
Nainital,Visakhapatnam,2074,NH+SH (blue),
Nainital,Vijayawada,1873,NH+SH (blue),
Nainital,Varanasi,685,NH+SH (blue),
Nainital,Udaipur,931,NH+SH (blue),
Nainital,Udhagamandalam,2434,NH+SH (blue),
Nainital,Thiruvananthapuram,2914,NH+SH (blue),
Nainital,Tirupati,2208,NH+SH (blue),
Nainital,Srinagar,1209,NH+SH (blue),
Nainital,Shimla,470,NH+SH (blue),
Nainital,Shillong,1997,NH+SH (blue),
Nainital,Rameshwaram,2767,NH+SH (blue),
Nainital,Puducherry,2468,NH+SH (blue),
Nainital,Patna,911,NH+SH (blue),
Nainital,Panaji,2108,NH+SH (blue),
Nagpur,Visakhapatnam,881,NH only (black),
Nagpur,Vijayawada,759,NH only (black),
Nagpur,Varanasi,718,NH only (black),
Nagpur,Udaipur,1124,NH+SH (blue),
Nagpur,Udhagamandalam,1320,NH+SH (blue),
Nagpur,Thiruvananthapuram,1796,NH only (black),
Nagpur,Tirupati,1094,NH+SH (blue),
Nagpur,Srinagar,1868,NH only (black),
Nagpur,Shimla,1319,NH only (black),
Nagpur,Shillong,2107,NH only (black),
Nagpur,Rameshwaram,1653,NH only (black),
Nagpur,Puducherry,1369,NH only (black),
Nagpur,Patna,933,NH only (black),
Nagpur,Panaji,1258,NH+SH (blue),
Nagpur,Nainital,1114,NH+SH (blue),
Mysuru,Visakhapatnam,1242,NH+SH (blue),
Mysuru,Vijayawada,880,NH+SH (blue),
Mysuru,Varanasi,1923,NH+SH (blue),
Mysuru,Udaipur,1920,NH+SH (blue),
Mysuru,Udhagamandalam,131,NH+SH (blue),
Mysuru,Thiruvananthapuram,611,NH+SH (blue),
Mysuru,Tirupati,389,NH+SH (blue),
Mysuru,Srinagar,3037,NH+SH (blue),
Mysuru,Shimla,2488,NH+SH (blue),
Mysuru,Shillong,3375,NH+SH (blue),
Mysuru,Rameshwaram,570,NH+SH (blue),
Mysuru,Puducherry,450,NH+SH (blue),
Mysuru,Patna,2122,NH+SH (blue),
Mysuru,Panaji,619,NH+SH (blue),
Mysuru,Nainital,2303,NH+SH (blue),
Mysuru,Nagpur,1189,NH+SH (blue),
Mount Abu,Visakhapatnam,2087,NH+SH (blue),
Mount Abu,Vijayawada,1720,NH+SH (blue),
Mount Abu,Varanasi,1352,NH+SH (blue),
Mount Abu,Udaipur,190,NH+SH (blue),
Mount Abu,Udhagamandalam,2010,NH+SH (blue),
Mount Abu,Thiruvananthapuram,2285,NH+SH (blue),
Mount Abu,Tirupati,1996,NH+SH (blue),
Mount Abu,Srinagar,1527,NH+SH (blue),
Mount Abu,Shimla,2887,NH+SH (blue),
Mount Abu,Shillong,2712,NH+SH (blue),
Mount Abu,Rameshwaram,2343,NH+SH (blue),
Mount Abu,Puducherry,2059,NH only (black),
Mount Abu,Patna,1508,NH+SH (blue),
Mount Abu,Panaji,1312,NH+SH (blue),
Mount Abu,Nainital,1083,NH+SH (blue),
Mount Abu,Nagpur,1314,NH+SH (blue),
Mount Abu,Mysuru,1879,NH+SH (blue),
Chennai,Visakhapatnam,795,NH only (black),
Chennai,Vijayawada,433,NH only (black),
Chennai,Varanasi,2212,NH only (black),
Chennai,Udaipur,2119,NH only (black),
Chennai,Udhagamandalam,543,NH+SH (blue),
Chennai,Thiruvananthapuram,798,NH only (black),
Chennai,Tirupati,151,NH+SH (blue),
Chennai,Srinagar,3055,NH only (black),
Chennai,Shimla,2466,NH only (black),
Chennai,Shillong,2926,NH only (black),
Chennai,Rameshwaram,646,NH only (black),
Chennai,Puducherry,162,NH only (black),
Chennai,Patna,2089,NH only (black),
Chennai,Panaji,915,NH+SH (blue),
Chennai,Nainital,2306,NH+SH (blue),
Chennai,Nagpur,1189,NH only (black),
Chennai,Mysuru,469,NH+SH (blue),
Chennai,Mount Abu,2078,NH+SH (blue),
Lucknow,Visakhapatnam,1693,NH only (black),
Lucknow,Vijayawada,1622,NH only (black),
Lucknow,Varanasi,284,NH only (black),
Lucknow,Udaipur,963,NH only (black),
Lucknow,Udhagamandalam,2183,NH+SH (blue),
Lucknow,Thiruvananthapuram,2659,NH only (black),
Lucknow,Tirupati,1957,NH+SH (blue),
Lucknow,Srinagar,1395,NH only (black),
Lucknow,Shimla,867,NH only (black),
Lucknow,Shillong,1616,NH only (black),
Lucknow,Rameshwaram,2516,NH only (black),
Lucknow,Puducherry,2232,NH only (black),
Lucknow,Patna,530,NH only (black),
Lucknow,Panaji,1389,NH+SH (blue),printed value looks implausible; verify before use
Lucknow,Nainital,381,NH+SH (blue),
Lucknow,Nagpur,863,NH only (black),
Lucknow,Mysuru,2052,NH+SH (blue),
Lucknow,Mount Abu,1153,NH+SH (blue),
Lucknow,Chennai,2055,NH only (black),
Kohima,Visakhapatnam,2399,NH only (black),
Kohima,Vijayawada,2761,NH only (black),
Kohima,Varanasi,1606,NH only (black),
Kohima,Udaipur,2766,NH only (black),
Kohima,Udhagamandalam,3654,NH+SH (blue),
Kohima,Thiruvananthapuram,4000,NH only (black),
Kohima,Tirupati,3118,NH+SH (blue),
Kohima,Srinagar,3233,NH only (black),
Kohima,Shimla,2668,NH only (black),
Kohima,Shillong,446,NH only (black),
Kohima,Rameshwaram,3830,NH only (black),
Kohima,Puducherry,3334,NH only (black),
Kohima,Patna,1360,NH only (black),
Kohima,Panaji,3774,NH+SH (blue),
Kohima,Nainital,2221,NH+SH (blue),
Kohima,Nagpur,2324,NH only (black),
Kohima,Mysuru,3523,NH+SH (blue),
Kohima,Mount Abu,2966,NH+SH (blue),
Kohima,Chennai,3172,NH only (black),
Kohima,Lucknow,1840,NH only (black),
Kanniyakumari,Visakhapatnam,1452,NH only (black),
Kanniyakumari,Vijayawada,1150,NH only (black),
Kanniyakumari,Varanasi,2458,NH only (black),
Kanniyakumari,Udaipur,2413,NH only (black),
Kanniyakumari,Udhagamandalam,564,NH+SH (blue),
Kanniyakumari,Thiruvananthapuram,87,NH only (black),
Kanniyakumari,Tirupati,868,NH+SH (blue),
Kanniyakumari,Srinagar,3572,NH only (black),
Kanniyakumari,Shimla,3023,NH only (black),
Kanniyakumari,Shillong,3613,NH only (black),
Kanniyakumari,Rameshwaram,402,NH+SH (blue),
Kanniyakumari,Puducherry,578,NH only (black),
Kanniyakumari,Patna,2704,NH only (black),
Kanniyakumari,Panaji,1059,NH only (black),
Kanniyakumari,Nainital,2838,NH+SH (blue),
Kanniyakumari,Nagpur,1724,NH only (black),
Kanniyakumari,Mysuru,641,NH+SH (blue),
Kanniyakumari,Mount Abu,2372,NH+SH (blue),
Kanniyakumari,Chennai,703,NH only (black),
Kanniyakumari,Lucknow,2582,NH only (black),
Kanniyakumari,Kohima,3901,NH only (black),
Jodhpur,Visakhapatnam,1901,NH+SH (blue),
Jodhpur,Vijayawada,1766,NH+SH (blue),
Jodhpur,Varanasi,1137,NH+SH (blue),
Jodhpur,Udaipur,268,NH+SH (blue),
Jodhpur,Udhagamandalam,2285,NH+SH (blue),
Jodhpur,Thiruvananthapuram,2560,NH+SH (blue),
Jodhpur,Tirupati,2101,NH+SH (blue),
Jodhpur,Srinagar,1303,NH+SH (blue),
Jodhpur,Shimla,870,NH+SH (blue),
Jodhpur,Shillong,2497,NH+SH (blue),
Jodhpur,Rameshwaram,2618,NH+SH (blue),
Jodhpur,Puducherry,2381,NH+SH (blue),
Jodhpur,Patna,1379,NH+SH (blue),
Jodhpur,Panaji,1587,NH+SH (blue),
Jodhpur,Nainital,925,NH+SH (blue),
Jodhpur,Nagpur,1021,NH+SH (blue),
Jodhpur,Mysuru,2154,NH+SH (blue),
Jodhpur,Mount Abu,275,NH+SH (blue),
Jodhpur,Chennai,2353,NH+SH (blue),
Jodhpur,Lucknow,952,NH+SH (blue),
Jodhpur,Kohima,2743,NH+SH (blue),
Jodhpur,Kanniyakumari,2647,NH+SH (blue),
Jammu,Visakhapatnam,2472,NH only (black),
Jammu,Vijayawada,2317,NH only (black),
Jammu,Varanasi,1358,NH only (black),
Jammu,Udaipur,1211,NH only (black),
Jammu,Udhagamandalam,2863,NH+SH (blue),
Jammu,Thiruvananthapuram,3359,NH only (black),
Jammu,Tirupati,2652,NH+SH (blue),
Jammu,Srinagar,305,NH only (black),
Jammu,Shimla,385,NH+SH (blue),
Jammu,Shillong,2706,NH only (black),
Jammu,Rameshwaram,3211,NH only (black),
Jammu,Puducherry,2917,NH only (black),
Jammu,Patna,1620,NH only (black),
Jammu,Panaji,2546,NH only (black),
Jammu,Nainital,904,NH+SH (blue),
Jammu,Nagpur,1563,NH+SH (blue),
Jammu,Mysuru,2732,NH+SH (blue),
Jammu,Mount Abu,1222,NH+SH (blue),
Jammu,Chennai,2750,NH only (black),
Jammu,Lucknow,1090,NH only (black),
Jammu,Kohima,2928,NH+SH (blue),
Jammu,Kanniyakumari,3267,NH only (black),
Jammu,Jodhpur,998,NH+SH (blue),
Jaipur,Visakhapatnam,1813,NH+SH (blue),
Jaipur,Vijayawada,1585,NH+SH (blue),
Jaipur,Varanasi,786,NH only (black),
Jaipur,Udaipur,374,NH only (black),
Jaipur,Udhagamandalam,2146,NH+SH (blue),
Jaipur,Thiruvananthapuram,2681,NH only (black),
Jaipur,Tirupati,2020,NH+SH (blue),
Jaipur,Srinagar,1152,NH only (black),
Jaipur,Shimla,611,NH only (black),
Jaipur,Shillong,2156,NH only (black),
Jaipur,Rameshwaram,2581,NH+SH (blue),
Jaipur,Puducherry,2297,NH+SH (blue),
Jaipur,Patna,1044,NH only (black),
Jaipur,Panaji,1738,NH only (black),
Jaipur,Nainital,572,NH+SH (blue),
Jaipur,Nagpur,940,NH only (black),
Jaipur,Mysuru,2117,NH+SH (blue),
Jaipur,Mount Abu,511,NH+SH (blue),
Jaipur,Chennai,2018,NH+SH (blue),
Jaipur,Lucknow,599,NH only (black),
Jaipur,Kohima,2402,NH only (black),
Jaipur,Kanniyakumari,2550,NH only (black),
Jaipur,Jodhpur,,,blank on the printed chart; add from another source
Jaipur,Jammu,847,NH only (black),
Jabalpur,Visakhapatnam,958,NH+SH (blue),
Jabalpur,Vijayawada,1026,NH only (black),
Jabalpur,Varanasi,419,NH only (black),
Jabalpur,Udaipur,1056,NH+SH (blue),
Jabalpur,Udhagamandalam,1587,NH+SH (blue),
Jabalpur,Thiruvananthapuram,2063,NH only (black),
Jabalpur,Tirupati,1361,NH+SH (blue),
Jabalpur,Srinagar,1723,NH only (black),
Jabalpur,Shimla,1174,NH only (black),
Jabalpur,Shillong,1778,NH only (black),
Jabalpur,Rameshwaram,1920,NH only (black),
Jabalpur,Puducherry,1621,NH only (black),
Jabalpur,Patna,665,NH only (black),
Jabalpur,Panaji,1523,NH+SH (blue),
Jabalpur,Nainital,969,NH+SH (blue),
Jabalpur,Nagpur,267,NH only (black),
Jabalpur,Mysuru,1458,NH+SH (blue),
Jabalpur,Mount Abu,1248,NH+SH (blue),
Jabalpur,Chennai,1459,NH only (black),
Jabalpur,Lucknow,605,NH only (black),
Jabalpur,Kohima,2025,NH only (black),
Jabalpur,Kanniyakumari,1991,NH only (black),
Jabalpur,Jodhpur,953,NH+SH (blue),
Jabalpur,Jammu,1418,NH only (black),
Jabalpur,Jaipur,872,NH only (black),
Itanagar,Visakhapatnam,2385,NH only (black),
Itanagar,Vijayawada,2747,NH only (black),
Itanagar,Varanasi,1592,NH only (black),
Itanagar,Udaipur,2754,NH only (black),
Itanagar,Udhagamandalam,3640,NH+SH (blue),
Itanagar,Thiruvananthapuram,3986,NH only (black),
Itanagar,Tirupati,3112,NH+SH (blue),
Itanagar,Srinagar,3200,NH only (black),
Itanagar,Shimla,2651,NH only (black),
Itanagar,Shillong,478,NH only (black),
Itanagar,Rameshwaram,3266,NH only (black),
Itanagar,Puducherry,3142,NH only (black),
Itanagar,Patna,1346,NH only (black),
Itanagar,Panaji,3780,NH+SH (blue),
Itanagar,Nainital,2270,NH+SH (blue),
Itanagar,Nagpur,2310,NH only (black),
Itanagar,Mysuru,3509,NH+SH (blue),
Itanagar,Mount Abu,2944,NH+SH (blue),
Itanagar,Chennai,3180,NH only (black),
Itanagar,Lucknow,1826,NH only (black),
Itanagar,Kohima,724,NH only (black),
Itanagar,Kanniyakumari,3837,NH only (black),
Itanagar,Jodhpur,2729,NH+SH (blue),
Itanagar,Jammu,2895,NH only (black),
Itanagar,Jaipur,2378,NH only (black),
Itanagar,Jabalpur,2011,NH only (black),
Imphal,Visakhapatnam,2522,NH only (black),
Imphal,Vijayawada,2884,NH only (black),
Imphal,Varanasi,1729,NH only (black),
Imphal,Udaipur,2889,NH only (black),
Imphal,Udhagamandalam,3777,NH+SH (blue),
Imphal,Thiruvananthapuram,4123,NH only (black),
Imphal,Tirupati,3241,NH+SH (blue),
Imphal,Srinagar,3356,NH only (black),
Imphal,Shimla,2791,NH only (black),
Imphal,Shillong,381,NH only (black),
Imphal,Rameshwaram,3903,NH only (black),
Imphal,Puducherry,3457,NH only (black),
Imphal,Patna,1483,NH only (black),
Imphal,Panaji,3897,NH+SH (blue),
Imphal,Nainital,2344,NH+SH (blue),
Imphal,Nagpur,2447,NH only (black),
Imphal,Mysuru,3646,NH+SH (blue),
Imphal,Mount Abu,3081,NH+SH (blue),
Imphal,Chennai,3295,NH only (black),
Imphal,Lucknow,1963,NH only (black),
Imphal,Kohima,123,NH only (black),
Imphal,Kanniyakumari,4024,NH only (black),
Imphal,Jodhpur,2866,NH+SH (blue),
Imphal,Jammu,3051,NH only (black),
Imphal,Jaipur,2525,NH only (black),
Imphal,Jabalpur,2148,NH only (black),
Imphal,Itanagar,847,NH only (black),
Hyderabad,Visakhapatnam,633,NH only (black),
Hyderabad,Vijayawada,271,NH only (black),
Hyderabad,Varanasi,1206,NH only (black),
Hyderabad,Udaipur,1490,NH+SH (blue),
Hyderabad,Udhagamandalam,832,NH+SH (blue),
Hyderabad,Thiruvananthapuram,1308,NH only (black),
Hyderabad,Tirupati,606,NH+SH (blue),
Hyderabad,Srinagar,2351,NH only (black),
Hyderabad,Shimla,1807,NH only (black),
Hyderabad,Shillong,2790,NH only (black),
Hyderabad,Rameshwaram,1165,NH only (black),
Hyderabad,Puducherry,866,NH only (black),
Hyderabad,Patna,1421,NH only (black),
Hyderabad,Panaji,768,NH+SH (blue),
Hyderabad,Nainital,1602,NH+SH (blue),
Hyderabad,Nagpur,488,NH only (black),
Hyderabad,Mysuru,701,NH+SH (blue),
Hyderabad,Mount Abu,1449,NH+SH (blue),
Hyderabad,Chennai,704,NH only (black),
Hyderabad,Lucknow,1351,NH only (black),
Hyderabad,Kohima,3036,NH only (black),
Hyderabad,Kanniyakumari,1236,NH only (black),
Hyderabad,Jodhpur,1495,NH+SH (blue),
Hyderabad,Jammu,2046,NH only (black),
Hyderabad,Jaipur,1314,NH+SH (blue),
Hyderabad,Jabalpur,755,NH only (black),
Hyderabad,Itanagar,3022,NH only (black),
Hyderabad,Imphal,3159,NH only (black),
Guwahati,Visakhapatnam,2053,NH only (black),
Guwahati,Vijayawada,2415,NH only (black),
Guwahati,Varanasi,1260,NH only (black),
Guwahati,Udaipur,2420,NH only (black),
Guwahati,Udhagamandalam,3308,NH+SH (blue),
Guwahati,Thiruvananthapuram,3654,NH only (black),
Guwahati,Tirupati,2772,NH+SH (blue),
Guwahati,Srinagar,2887,NH only (black),
Guwahati,Shimla,2322,NH only (black),
Guwahati,Shillong,100,NH only (black),
Guwahati,Rameshwaram,3434,NH only (black),
Guwahati,Puducherry,2988,NH only (black),
Guwahati,Patna,1014,NH only (black),
Guwahati,Panaji,3428,NH+SH (blue),
Guwahati,Nainital,1875,NH+SH (blue),
Guwahati,Nagpur,1978,NH only (black),
Guwahati,Mysuru,3177,NH+SH (blue),
Guwahati,Mount Abu,2612,NH+SH (blue),
Guwahati,Chennai,2826,NH only (black),
Guwahati,Lucknow,1494,NH only (black),
Guwahati,Kohima,346,NH only (black),
Guwahati,Kanniyakumari,3555,NH only (black),
Guwahati,Jodhpur,2409,NH+SH (blue),
Guwahati,Jammu,2582,NH only (black),
Guwahati,Jaipur,2058,NH only (black),
Guwahati,Jabalpur,1679,NH only (black),
Guwahati,Itanagar,378,NH only (black),
Guwahati,Imphal,469,NH only (black),
Guwahati,Hyderabad,2690,NH only (black),
Gangtok,Visakhapatnam,1606,NH only (black),
Gangtok,Vijayawada,1968,NH only (black),
Gangtok,Varanasi,891,NH only (black),
Gangtok,Udaipur,1985,NH only (black),
Gangtok,Udhagamandalam,2945,NH+SH (blue),
Gangtok,Thiruvananthapuram,3099,NH only (black),
Gangtok,Tirupati,2348,NH+SH (blue),
Gangtok,Srinagar,2530,NH only (black),
Gangtok,Shimla,1989,NH only (black),
Gangtok,Shillong,722,NH only (black),
Gangtok,Rameshwaram,2987,NH only (black),
Gangtok,Puducherry,2541,NH only (black),
Gangtok,Patna,596,NH only (black),
Gangtok,Panaji,3026,NH+SH (blue),
Gangtok,Nainital,1451,NH+SH (blue),
Gangtok,Nagpur,1609,NH only (black),
Gangtok,Mysuru,2814,NH+SH (blue),
Gangtok,Mount Abu,2243,NH+SH (blue),
Gangtok,Chennai,2424,NH only (black),
Gangtok,Lucknow,1070,NH only (black),
Gangtok,Kohima,968,NH only (black),
Gangtok,Kanniyakumari,3118,NH only (black),
Gangtok,Jodhpur,2028,NH+SH (blue),
Gangtok,Jammu,2225,NH only (black),
Gangtok,Jaipur,1621,NH only (black),
Gangtok,Jabalpur,1310,NH only (black),
Gangtok,Itanagar,954,NH only (black),
Gangtok,Imphal,1091,NH only (black),
Gangtok,Hyderabad,2243,NH only (black),
Gangtok,Guwahati,622,NH only (black),
Gandhidham,Visakhapatnam,2115,NH+SH (blue),
Gandhidham,Vijayawada,1879,NH only (black),
Gandhidham,Varanasi,1679,NH+SH (blue),
Gandhidham,Udaipur,517,NH+SH (blue),
Gandhidham,Udhagamandalam,2169,NH+SH (blue),
Gandhidham,Thiruvananthapuram,2444,NH only (black),
Gandhidham,Tirupati,2157,NH+SH (blue),
Gandhidham,Srinagar,2009,NH only (black),
Gandhidham,Shimla,1576,NH only (black),
Gandhidham,Shillong,3037,NH+SH (blue),
Gandhidham,Rameshwaram,3496,NH only (black),
Gandhidham,Puducherry,2218,NH+SH (blue),
Gandhidham,Patna,1925,NH+SH (blue),
Gandhidham,Panaji,1471,NH only (black),
Gandhidham,Nainital,1461,NH+SH (blue),
Gandhidham,Nagpur,1235,NH+SH (blue),
Gandhidham,Mysuru,2038,NH+SH (blue),
Gandhidham,Mount Abu,378,NH+SH (blue),
Gandhidham,Chennai,2237,NH only (black),
Gandhidham,Lucknow,1488,NH+SH (blue),
Gandhidham,Kohima,3285,NH+SH (blue),
Gandhidham,Kanniyakumari,2531,NH only (black),
Gandhidham,Jodhpur,686,NH+SH (blue),
Gandhidham,Jammu,1704,NH only (black),
Gandhidham,Jaipur,889,NH+SH (blue),
Gandhidham,Jabalpur,1224,NH+SH (blue),
Gandhidham,Itanagar,3271,NH+SH (blue),
Gandhidham,Imphal,3408,NH+SH (blue),
Gandhidham,Hyderabad,1806,NH+SH (blue),
Gandhidham,Guwahati,2939,NH+SH (blue),
Gandhidham,Gangtok,2570,NH+SH (blue),
Dispur,Visakhapatnam,2058,NH only (black),
Dispur,Vijayawada,2420,NH only (black),
Dispur,Varanasi,1265,NH only (black),
Dispur,Udaipur,2425,NH only (black),
Dispur,Udhagamandalam,331,NH only (black),printed value looks implausible; verify before use
Dispur,Thiruvananthapuram,3659,NH only (black),
Dispur,Tirupati,2777,NH+SH (blue),
Dispur,Srinagar,2892,NH only (black),
Dispur,Shimla,2327,NH only (black),
Dispur,Shillong,95,NH only (black),
Dispur,Rameshwaram,3439,NH only (black),
Dispur,Puducherry,2993,NH only (black),
Dispur,Patna,1019,NH only (black),
Dispur,Panaji,3433,NH+SH (blue),
Dispur,Nainital,1880,NH+SH (blue),
Dispur,Nagpur,1983,NH only (black),
Dispur,Mysuru,3182,NH+SH (blue),
Dispur,Mount Abu,2617,NH+SH (blue),
Dispur,Chennai,2831,NH only (black),
Dispur,Lucknow,1499,NH only (black),
Dispur,Kohima,341,NH only (black),
Dispur,Kanniyakumari,3560,NH only (black),
Dispur,Jodhpur,2414,NH+SH (blue),
Dispur,Jammu,2587,NH only (black),
Dispur,Jaipur,2061,NH only (black),
Dispur,Jabalpur,1684,NH only (black),
Dispur,Itanagar,383,NH only (black),
Dispur,Imphal,464,NH only (black),
Dispur,Hyderabad,2695,NH only (black),
Dispur,Guwahati,5,NH only (black),
Dispur,Gangtok,625,NH only (black),
Dispur,Gandhidham,2575,NH+SH (blue),
Delhi,Visakhapatnam,1866,NH only (black),
Delhi,Vijayawada,1731,NH only (black),
Delhi,Varanasi,785,NH only (black),
Delhi,Udaipur,625,NH only (black),
Delhi,Udhagamandalam,2272,NH+SH (blue),
Delhi,Thiruvananthapuram,2768,NH only (black),
Delhi,Tirupati,2066,NH+SH (blue),
Delhi,Srinagar,896,NH only (black),
Delhi,Shimla,346,NH only (black),
Delhi,Shillong,2115,NH only (black),
Delhi,Rameshwaram,2605,NH only (black),
Delhi,Puducherry,2219,NH only (black),
Delhi,Patna,1029,NH only (black),
Delhi,Panaji,1966,NH only (black),
Delhi,Nainital,306,NH+SH (blue),
Delhi,Nagpur,972,NH only (black),
Delhi,Mysuru,2141,NH+SH (blue),
Delhi,Mount Abu,772,NH+SH (blue),
Delhi,Chennai,2119,NH only (black),
Delhi,Lucknow,499,NH only (black),
Delhi,Kohima,2318,NH only (black),
Delhi,Kanniyakumari,2676,NH only (black),
Delhi,Jodhpur,614,NH+SH (blue),
Delhi,Jammu,591,NH only (black),
Delhi,Jaipur,261,NH only (black),
Delhi,Jabalpur,827,NH only (black),
Delhi,Itanagar,2304,NH only (black),
Delhi,Imphal,2441,NH only (black),
Delhi,Hyderabad,1460,NH only (black),
Delhi,Guwahati,1972,NH only (black),
Delhi,Gangtok,1586,NH only (black),
Delhi,Gandhidham,1150,NH+SH (blue),
Delhi,Dispur,1977,NH only (black),
Dehradun,Visakhapatnam,2119,NH+SH (blue),
Dehradun,Vijayawada,1964,NH+SH (blue),
Dehradun,Varanasi,865,NH+SH (blue),
Dehradun,Udaipur,858,NH+SH (blue),
Dehradun,Udhagamandalam,2505,NH+SH (blue),
Dehradun,Thiruvananthapuram,3001,NH+SH (blue),
Dehradun,Tirupati,2299,NH+SH (blue),
Dehradun,Srinagar,936,NH+SH (blue),
Dehradun,Shimla,199,NH+SH (blue),
Dehradun,Shillong,2197,NH+SH (blue),
Dehradun,Rameshwaram,2838,NH+SH (blue),
Dehradun,Puducherry,2452,NH+SH (blue),
Dehradun,Patna,1111,NH+SH (blue),
Dehradun,Panaji,2199,NH+SH (blue),
Dehradun,Nainital,351,NH+SH (blue),
Dehradun,Nagpur,1205,NH+SH (blue),
Dehradun,Mysuru,2348,NH+SH (blue),
Dehradun,Mount Abu,1005,NH+SH (blue),
Dehradun,Chennai,2351,NH+SH (blue),
Dehradun,Lucknow,581,NH+SH (blue),
Dehradun,Kohima,2421,NH+SH (blue),
Dehradun,Kanniyakumari,2905,NH+SH (blue),
Dehradun,Jodhpur,847,NH+SH (blue),
Dehradun,Jammu,633,NH+SH (blue),
Dehradun,Jaipur,487,NH+SH (blue),
Dehradun,Jabalpur,1014,NH+SH (blue),
Dehradun,Itanagar,2407,NH+SH (blue),
Dehradun,Imphal,2544,NH+SH (blue),
Dehradun,Hyderabad,1693,NH+SH (blue),
Dehradun,Guwahati,2075,NH+SH (blue),
Dehradun,Gangtok,1651,NH+SH (blue),
Dehradun,Gandhidham,1383,NH+SH (blue),
Dehradun,Dispur,2080,NH+SH (blue),
Dehradun,Delhi,233,NH+SH (blue),
Darjeeling,Visakhapatnam,1565,NH only (black),
Darjeeling,Vijayawada,1927,NH only (black),
Darjeeling,Varanasi,839,NH only (black),
Darjeeling,Udaipur,1398,NH only (black),printed value looks implausible; verify before use
Darjeeling,Udhagamandalam,2904,NH+SH (blue),
Darjeeling,Thiruvananthapuram,3181,NH only (black),
Darjeeling,Tirupati,2307,NH+SH (blue),
Darjeeling,Srinagar,2462,NH only (black),
Darjeeling,Shimla,1880,NH only (black),
Darjeeling,Shillong,704,NH only (black),
Darjeeling,Rameshwaram,3008,NH only (black),
Darjeeling,Puducherry,2500,NH only (black),
Darjeeling,Patna,542,NH only (black),
Darjeeling,Panaji,2997,NH+SH (blue),
Darjeeling,Nainital,1415,NH+SH (blue),
Darjeeling,Nagpur,1557,NH only (black),
Darjeeling,Mysuru,2773,NH+SH (blue),
Darjeeling,Mount Abu,2191,NH+SH (blue),
Darjeeling,Chennai,2338,NH only (black),
Darjeeling,Lucknow,1034,NH only (black),
Darjeeling,Kohima,851,NH only (black),
Darjeeling,Kanniyakumari,3077,NH only (black),
Darjeeling,Jodhpur,1976,NH+SH (blue),
Darjeeling,Jammu,2157,NH only (black),
Darjeeling,Jaipur,1625,NH only (black),
Darjeeling,Jabalpur,1258,NH only (black),
Darjeeling,Itanagar,837,NH only (black),
Darjeeling,Imphal,974,NH only (black),
Darjeeling,Hyderabad,2217,NH only (black),
Darjeeling,Guwahati,505,NH only (black),
Darjeeling,Gangtok,93,NH only (black),
Darjeeling,Gandhidham,2518,NH+SH (blue),
Darjeeling,Dispur,510,NH only (black),
Darjeeling,Delhi,1563,NH only (black),
Darjeeling,Dehradun,1615,NH+SH (blue),
Kochi,Visakhapatnam,1449,NH only (black),
Kochi,Vijayawada,1087,NH only (black),
Kochi,Varanasi,2321,NH+SH (blue),
Kochi,Udaipur,2148,NH only (black),
Kochi,Udhagamandalam,262,NH+SH (blue),
Kochi,Thiruvananthapuram,218,NH only (black),
Kochi,Tirupati,634,NH+SH (blue),
Kochi,Srinagar,3605,NH only (black),
Kochi,Shimla,3056,NH only (black),
Kochi,Shillong,3630,NH only (black),
Kochi,Rameshwaram,493,NH+SH (blue),
Kochi,Puducherry,548,NH+SH (blue),
Kochi,Patna,2515,NH only (black),
Kochi,Panaji,754,NH only (black),
Kochi,Nainital,2680,NH+SH (blue),
Kochi,Nagpur,1578,NH only (black),
Kochi,Mysuru,393,NH+SH (blue),
Kochi,Mount Abu,2055,NH+SH (blue),
Kochi,Chennai,887,NH only (black),
Kochi,Lucknow,2445,NH only (black),
Kochi,Kohima,3876,NH only (black),
Kochi,Kanniyakumari,305,NH only (black),
Kochi,Jodhpur,2330,NH+SH (blue),
Kochi,Jammu,3300,NH only (black),
Kochi,Jaipur,2470,NH only (black),
Kochi,Jabalpur,1849,NH only (black),
Kochi,Itanagar,3862,NH only (black),
Kochi,Imphal,3999,NH only (black),
Kochi,Hyderabad,1090,NH only (black),
Kochi,Guwahati,3530,NH only (black),
Kochi,Gangtok,3122,NH only (black),
Kochi,Gandhidham,2214,NH only (black),
Kochi,Dispur,3535,NH only (black),
Kochi,Delhi,2550,NH only (black),
Kochi,Dehradun,2725,NH+SH (blue),
Kochi,Darjeeling,3055,NH only (black),
Chandigarh,Visakhapatnam,2140,NH only (black),
Chandigarh,Vijayawada,1985,NH only (black),
Chandigarh,Varanasi,1039,NH only (black),
Chandigarh,Udaipur,879,NH only (black),
Chandigarh,Udhagamandalam,2526,NH+SH (blue),
Chandigarh,Thiruvananthapuram,3022,NH only (black),
Chandigarh,Tirupati,2320,NH+SH (blue),
Chandigarh,Srinagar,698,NH only (black),
Chandigarh,Shimla,93,NH only (black),
Chandigarh,Shillong,2369,NH only (black),
Chandigarh,Rameshwaram,2859,NH only (black),
Chandigarh,Puducherry,2535,NH only (black),
Chandigarh,Patna,1283,NH only (black),
Chandigarh,Panaji,2220,NH only (black),
Chandigarh,Nainital,548,NH+SH (blue),
Chandigarh,Nagpur,1226,NH only (black),
Chandigarh,Mysuru,2395,NH+SH (blue),
Chandigarh,Mount Abu,1028,NH+SH (blue),
Chandigarh,Chennai,2373,NH only (black),
Chandigarh,Lucknow,753,NH only (black),
Chandigarh,Kohima,2572,NH only (black),
Chandigarh,Kanniyakumari,2930,NH only (black),
Chandigarh,Jodhpur,868,NH+SH (blue),
Chandigarh,Jammu,393,NH+SH (blue),
Chandigarh,Jaipur,515,NH only (black),
Chandigarh,Jabalpur,1081,NH only (black),
Chandigarh,Itanagar,2558,NH only (black),
Chandigarh,Imphal,2695,NH only (black),
Chandigarh,Hyderabad,1714,NH only (black),
Chandigarh,Guwahati,2226,NH only (black),
Chandigarh,Gangtok,1840,NH only (black),
Chandigarh,Gandhidham,1404,NH+SH (blue),
Chandigarh,Dispur,2231,NH only (black),
Chandigarh,Delhi,254,NH only (black),
Chandigarh,Dehradun,195,NH+SH (blue),
Chandigarh,Darjeeling,1817,NH only (black),
Chandigarh,Kochi,2804,NH only (black),
Kolkata,Visakhapatnam,886,NH only (black),
Kolkata,Vijayawada,1250,NH only (black),
Kolkata,Varanasi,690,NH only (black),
Kolkata,Udaipur,1855,NH+SH (blue),
Kolkata,Udhagamandalam,2227,NH+SH (blue),
Kolkata,Thiruvananthapuram,2489,NH only (black),
Kolkata,Tirupati,1615,NH+SH (blue),
Kolkata,Srinagar,2332,NH only (black),
Kolkata,Shimla,1788,NH only (black),
Kolkata,Shillong,1265,NH only (black),
Kolkata,Rameshwaram,2277,NH only (black),
Kolkata,Puducherry,1845,NH only (black),
Kolkata,Patna,614,NH only (black),
Kolkata,Panaji,2293,NH+SH (blue),
Kolkata,Nainital,1358,NH+SH (blue),
Kolkata,Nagpur,1064,NH only (black),
Kolkata,Mysuru,2130,NH+SH (blue),
Kolkata,Mount Abu,2384,NH+SH (blue),
Kolkata,Chennai,1691,NH only (black),
Kolkata,Lucknow,977,NH only (black),
Kolkata,Kohima,1511,NH only (black),
Kolkata,Kanniyakumari,2348,NH only (black),
Kolkata,Jodhpur,2071,NH+SH (blue),
Kolkata,Jammu,2027,NH only (black),
Kolkata,Jaipur,1479,NH only (black),
Kolkata,Jabalpur,1132,NH+SH (blue),
Kolkata,Itanagar,1497,NH only (black),
Kolkata,Imphal,1634,NH only (black),
Kolkata,Hyderabad,1525,NH only (black),
Kolkata,Guwahati,1165,NH only (black),
Kolkata,Gangtok,733,NH only (black),
Kolkata,Gandhidham,2356,NH+SH (blue),
Kolkata,Dispur,1170,NH only (black),
Kolkata,Delhi,1441,NH only (black),
Kolkata,Dehradun,1558,NH+SH (blue),
Kolkata,Darjeeling,692,NH only (black),
Kolkata,Kochi,2365,NH only (black),
Kolkata,Chandigarh,1695,NH only (black),
Mumbai,Visakhapatnam,1372,NH only (black),
Mumbai,Vijayawada,1006,NH only (black),
Mumbai,Varanasi,1600,NH only (black),
Mumbai,Udaipur,806,NH only (black),
Mumbai,Udhagamandalam,1271,NH+SH (blue),
Mumbai,Thiruvananthapuram,1570,NH only (black),
Mumbai,Tirupati,1259,NH+SH (blue),
Mumbai,Srinagar,2322,NH only (black),
Mumbai,Shimla,1178,NH only (black),printed value looks implausible; verify before use
Mumbai,Shillong,2903,NH only (black),
Mumbai,Rameshwaram,1604,NH only (black),
Mumbai,Puducherry,1320,NH+SH (blue),
Mumbai,Patna,1789,NH only (black),
Mumbai,Panaji,588,NH only (black),
Mumbai,Nainital,1540,NH+SH (blue),
Mumbai,Nagpur,857,NH only (black),
Mumbai,Mysuru,1140,NH+SH (blue),
Mumbai,Mount Abu,1939,NH+SH (blue),
Mumbai,Chennai,1339,NH only (black),
Mumbai,Lucknow,1360,NH only (black),
Mumbai,Kohima,3206,NH only (black),
Mumbai,Kanniyakumari,1647,NH only (black),
Mumbai,Jodhpur,1040,NH+SH (blue),
Mumbai,Jammu,2017,NH+SH (blue),
Mumbai,Jaipur,1170,NH only (black),
Mumbai,Jabalpur,1054,NH only (black),
Mumbai,Itanagar,3192,NH only (black),
Mumbai,Imphal,3329,NH only (black),
Mumbai,Hyderabad,735,NH only (black),
Mumbai,Guwahati,2860,NH only (black),
Mumbai,Gangtok,2491,NH only (black),
Mumbai,Gandhidham,924,NH only (black),
Mumbai,Dispur,2865,NH only (black),
Mumbai,Delhi,1398,NH only (black),
Mumbai,Dehradun,1585,NH+SH (blue),
Mumbai,Darjeeling,2439,NH only (black),
Mumbai,Kochi,1342,NH only (black),
Mumbai,Chandigarh,1652,NH only (black),
Mumbai,Kolkata,1951,NH only (black),
Bikaner,Visakhapatnam,2174,NH+SH (blue),
Bikaner,Vijayawada,2053,NH+SH (blue),
Bikaner,Varanasi,1138,NH+SH (blue),
Bikaner,Udaipur,516,NH+SH (blue),
Bikaner,Udhagamandalam,2533,NH+SH (blue),
Bikaner,Thiruvananthapuram,2808,NH+SH (blue),
Bikaner,Tirupati,2388,NH+SH (blue),
Bikaner,Srinagar,1055,NH only (black),
Bikaner,Shimla,622,NH+SH (blue),
Bikaner,Shillong,2510,NH only (black),
Bikaner,Rameshwaram,2947,NH+SH (blue),
Bikaner,Puducherry,2663,NH+SH (blue),
Bikaner,Patna,1384,NH only (black),
Bikaner,Panaji,1835,NH+SH (blue),
Bikaner,Nainital,746,NH+SH (blue),
Bikaner,Nagpur,1294,NH+SH (blue),
Bikaner,Mysuru,2483,NH+SH (blue),
Bikaner,Mount Abu,523,NH+SH (blue),
Bikaner,Chennai,2488,NH+SH (blue),
Bikaner,Lucknow,953,NH only (black),
Bikaner,Kohima,2756,NH only (black),
Bikaner,Kanniyakumari,2895,NH+SH (blue),
Bikaner,Jodhpur,248,NH+SH (blue),
Bikaner,Jammu,750,NH only (black),
Bikaner,Jaipur,354,NH only (black),
Bikaner,Jabalpur,1226,NH only (black),
Bikaner,Itanagar,2742,NH only (black),
Bikaner,Imphal,2879,NH only (black),
Bikaner,Hyderabad,1782,NH only (black),
Bikaner,Guwahati,2410,NH only (black),
Bikaner,Gangtok,1994,NH only (black),
Bikaner,Gandhidham,954,NH only (black),
Bikaner,Dispur,2415,NH only (black),
Bikaner,Delhi,440,NH+SH (blue),
Bikaner,Dehradun,673,NH+SH (blue),
Bikaner,Darjeeling,1979,NH only (black),
Bikaner,Kochi,2578,NH+SH (blue),
Bikaner,Chandigarh,529,NH+SH (blue),
Bikaner,Kolkata,1833,NH only (black),
Bikaner,Mumbai,1288,NH+SH (blue),
Bhubaneswar,Visakhapatnam,427,NH only (black),
Bhubaneswar,Vijayawada,788,NH only (black),
Bhubaneswar,Varanasi,991,NH only (black),
Bhubaneswar,Udaipur,1959,NH+SH (blue),
Bhubaneswar,Udhagamandalam,1757,NH+SH (blue),
Bhubaneswar,Thiruvananthapuram,2019,NH only (black),
Bhubaneswar,Tirupati,1145,NH+SH (blue),
Bhubaneswar,Srinagar,2659,NH only (black),
Bhubaneswar,Shimla,2123,NH only (black),
Bhubaneswar,Shillong,1735,NH only (black),
Bhubaneswar,Rameshwaram,1807,NH only (black),
Bhubaneswar,Puducherry,1383,NH only (black),
Bhubaneswar,Patna,868,NH only (black),
Bhubaneswar,Panaji,1823,NH+SH (blue),
Bhubaneswar,Nainital,1656,NH+SH (blue),
Bhubaneswar,Nagpur,849,NH only (black),
Bhubaneswar,Mysuru,1660,NH+SH (blue),
Bhubaneswar,Mount Abu,2149,NH+SH (blue),
Bhubaneswar,Chennai,1221,NH only (black),
Bhubaneswar,Lucknow,1275,NH only (black),
Bhubaneswar,Kohima,1981,NH only (black),
Bhubaneswar,Kanniyakumari,1878,NH only (black),
Bhubaneswar,Jodhpur,1856,NH+SH (blue),
Bhubaneswar,Jammu,2354,NH only (black),
Bhubaneswar,Jaipur,1777,NH+SH (blue),
Bhubaneswar,Jabalpur,918,NH+SH (blue),
Bhubaneswar,Itanagar,1967,NH only (black),
Bhubaneswar,Imphal,2104,NH only (black),
Bhubaneswar,Hyderabad,1055,NH only (black),
Bhubaneswar,Guwahati,1635,NH only (black),
Bhubaneswar,Gangtok,1188,NH only (black),
Bhubaneswar,Gandhidham,2084,NH+SH (blue),
Bhubaneswar,Dispur,1640,NH only (black),
Bhubaneswar,Delhi,1776,NH+SH (blue),
Bhubaneswar,Dehradun,1856,NH+SH (blue),
Bhubaneswar,Darjeeling,1162,NH only (black),
Bhubaneswar,Kochi,1895,NH only (black),
Bhubaneswar,Chandigarh,2030,NH only (black),
Bhubaneswar,Kolkata,470,NH only (black),
Bhubaneswar,Mumbai,1683,NH only (black),
Bhubaneswar,Bikaner,2129,NH+SH (blue),
Bhopal,Visakhapatnam,1240,NH+SH (blue),
Bhopal,Vijayawada,1105,NH+SH (blue),
Bhopal,Varanasi,744,NH only (black),
Bhopal,Udaipur,764,NH+SH (blue),
Bhopal,Udhagamandalam,1666,NH+SH (blue),
Bhopal,Thiruvananthapuram,2142,NH+SH (blue),
Bhopal,Tirupati,1440,NH+SH (blue),
Bhopal,Srinagar,1632,NH only (black),
Bhopal,Shimla,1108,NH only (black),
Bhopal,Shillong,2104,NH only (black),
Bhopal,Rameshwaram,2013,NH+SH (blue),
Bhopal,Puducherry,1700,NH+SH (blue),
Bhopal,Patna,990,NH only (black),
Bhopal,Panaji,1274,NH+SH (blue),
Bhopal,Nainital,910,NH+SH (blue),
Bhopal,Nagpur,360,NH+SH (blue),
Bhopal,Mysuru,1549,NH+SH (blue),
Bhopal,Mount Abu,954,NH+SH (blue),
Bhopal,Chennai,1538,NH+SH (blue),
Bhopal,Lucknow,703,NH only (black),
Bhopal,Kohima,2350,NH only (black),
Bhopal,Kanniyakumari,2084,NH+SH (blue),
Bhopal,Jodhpur,661,NH+SH (blue),
Bhopal,Jammu,1327,NH only (black),
Bhopal,Jaipur,580,NH only (black),
Bhopal,Jabalpur,292,NH only (black),
Bhopal,Itanagar,2336,NH only (black),
Bhopal,Imphal,2473,NH only (black),
Bhopal,Hyderabad,834,NH only (black),
Bhopal,Guwahati,2004,NH only (black),
Bhopal,Gangtok,1635,NH only (black),
Bhopal,Gandhidham,932,NH only (black),
Bhopal,Dispur,2009,NH only (black),
Bhopal,Delhi,741,NH only (black),
Bhopal,Dehradun,955,NH+SH (blue),
Bhopal,Darjeeling,1583,NH only (black),
Bhopal,Kochi,1942,NH+SH (blue),
Bhopal,Chandigarh,995,NH only (black),
Bhopal,Kolkata,1410,NH+SH (blue),
Bhopal,Mumbai,780,NH+SH (blue),
Bhopal,Bikaner,934,NH only (black),
Bhopal,Bhubaneswar,1195,NH+SH (blue),
Bengaluru,Visakhapatnam,1087,NH only (black),
Bengaluru,Vijayawada,767,NH only (black),
Bengaluru,Varanasi,1788,NH only (black),
Bengaluru,Udaipur,1785,NH only (black),
Bengaluru,Udhagamandalam,266,NH+SH (blue),
Bengaluru,Thiruvananthapuram,742,NH only (black),
Bengaluru,Tirupati,254,NH+SH (blue),
Bengaluru,Srinagar,2902,NH only (black),
Bengaluru,Shimla,2353,NH only (black),
Bengaluru,Shillong,2240,NH only (black),printed value looks implausible; verify before use
Bengaluru,Rameshwaram,599,NH only (black),
Bengaluru,Puducherry,315,NH+SH (blue),
Bengaluru,Patna,1987,NH only (black),
Bengaluru,Panaji,581,NH+SH (blue),
Bengaluru,Nainital,2168,NH+SH (blue),
Bengaluru,Nagpur,1054,NH only (black),
Bengaluru,Mysuru,135,NH+SH (blue),
Bengaluru,Mount Abu,1244,NH+SH (blue),printed value looks implausible; verify before use
Bengaluru,Chennai,334,NH only (black),
Bengaluru,Lucknow,1917,NH only (black),
Bengaluru,Kohima,3388,NH only (black),
Bengaluru,Kanniyakumari,760,NH only (black),
Bengaluru,Jodhpur,2019,NH+SH (blue),
Bengaluru,Jammu,2597,NH only (black),
Bengaluru,Jaipur,1982,NH+SH (blue),
Bengaluru,Jabalpur,1321,NH only (black),
Bengaluru,Itanagar,3374,NH only (black),
Bengaluru,Imphal,3511,NH only (black),
Bengaluru,Hyderabad,566,NH only (black),
Bengaluru,Guwahati,3042,NH only (black),
Bengaluru,Gangtok,2679,NH only (black),
Bengaluru,Gandhidham,1903,NH only (black),
Bengaluru,Dispur,3047,NH only (black),
Bengaluru,Delhi,2006,NH only (black),
Bengaluru,Dehradun,2213,NH+SH (blue),
Bengaluru,Darjeeling,2638,NH only (black),
Bengaluru,Kochi,528,NH+SH (blue),
Bengaluru,Chandigarh,2260,NH only (black),
Bengaluru,Kolkata,1961,NH only (black),
Bengaluru,Mumbai,1005,NH only (black),
Bengaluru,Bikaner,2348,NH+SH (blue),
Bengaluru,Bhubaneswar,1491,NH only (black),
Bengaluru,Bhopal,1414,NH+SH (blue),
Chhatrapati Sambhajinagar,Visakhapatnam,1163,NH+SH (blue),
Chhatrapati Sambhajinagar,Vijayawada,801,NH+SH (blue),
Chhatrapati Sambhajinagar,Varanasi,1323,NH+SH (blue),
Chhatrapati Sambhajinagar,Udaipur,846,NH+SH (blue),
Chhatrapati Sambhajinagar,Udhagamandalam,1220,NH+SH (blue),
Chhatrapati Sambhajinagar,Thiruvananthapuram,1689,NH+SH (blue),
Chhatrapati Sambhajinagar,Tirupati,1136,NH+SH (blue),
Chhatrapati Sambhajinagar,Srinagar,2103,NH+SH (blue),
Chhatrapati Sambhajinagar,Shimla,1547,NH+SH (blue),
Chhatrapati Sambhajinagar,Shillong,2683,NH+SH (blue),
Chhatrapati Sambhajinagar,Rameshwaram,1553,NH+SH (blue),
Chhatrapati Sambhajinagar,Puducherry,1269,NH+SH (blue),
Chhatrapati Sambhajinagar,Patna,1569,NH+SH (blue),
Chhatrapati Sambhajinagar,Panaji,748,NH+SH (blue),
Chhatrapati Sambhajinagar,Nainital,1359,NH+SH (blue),
Chhatrapati Sambhajinagar,Nagpur,605,NH+SH (blue),
Chhatrapati Sambhajinagar,Mysuru,1089,NH+SH (blue),
Chhatrapati Sambhajinagar,Mount Abu,805,NH+SH (blue),
Chhatrapati Sambhajinagar,Chennai,1234,NH+SH (blue),
Chhatrapati Sambhajinagar,Lucknow,1169,NH+SH (blue),
Chhatrapati Sambhajinagar,Kohima,2929,NH+SH (blue),
Chhatrapati Sambhajinagar,Kanniyakumari,1624,NH+SH (blue),
Chhatrapati Sambhajinagar,Jodhpur,1080,NH+SH (blue),
Chhatrapati Sambhajinagar,Jammu,1798,NH+SH (blue),
Chhatrapati Sambhajinagar,Jaipur,1046,NH+SH (blue),
Chhatrapati Sambhajinagar,Jabalpur,768,NH+SH (blue),
Chhatrapati Sambhajinagar,Itanagar,2779,NH+SH (blue),
Chhatrapati Sambhajinagar,Imphal,2916,NH+SH (blue),
Chhatrapati Sambhajinagar,Hyderabad,530,NH+SH (blue),
Chhatrapati Sambhajinagar,Guwahati,2583,NH+SH (blue),
Chhatrapati Sambhajinagar,Gangtok,2214,NH+SH (blue),
Chhatrapati Sambhajinagar,Gandhidham,964,NH+SH (blue),
Chhatrapati Sambhajinagar,Dispur,2588,NH+SH (blue),
Chhatrapati Sambhajinagar,Delhi,1207,NH+SH (blue),
Chhatrapati Sambhajinagar,Dehradun,1394,NH+SH (blue),
Chhatrapati Sambhajinagar,Darjeeling,2026,NH+SH (blue),
Chhatrapati Sambhajinagar,Kochi,1471,NH+SH (blue),
Chhatrapati Sambhajinagar,Chandigarh,1461,NH+SH (blue),
Chhatrapati Sambhajinagar,Kolkata,1669,NH+SH (blue),
Chhatrapati Sambhajinagar,Mumbai,334,NH+SH (blue),
Chhatrapati Sambhajinagar,Bikaner,1328,NH+SH (blue),
Chhatrapati Sambhajinagar,Bhubaneswar,1454,NH+SH (blue),
Chhatrapati Sambhajinagar,Bhopal,587,NH+SH (blue),
Chhatrapati Sambhajinagar,Bengaluru,954,NH+SH (blue),
Amritsar,Visakhapatnam,2332,NH only (black),
Amritsar,Vijayawada,2187,NH only (black),
Amritsar,Varanasi,1194,NH only (black),
Amritsar,Udaipur,1071,NH only (black),
Amritsar,Udhagamandalam,2723,NH+SH (blue),
Amritsar,Thiruvananthapuram,3397,NH only (black),
Amritsar,Tirupati,2566,NH+SH (blue),
Amritsar,Srinagar,521,NH only (black),
Amritsar,Shimla,315,NH only (black),
Amritsar,Shillong,2566,NH only (black),
Amritsar,Rameshwaram,3056,NH only (black),
Amritsar,Puducherry,2772,NH only (black),
Amritsar,Patna,1480,NH only (black),
Amritsar,Panaji,2416,NH only (black),
Amritsar,Nainital,757,NH+SH (blue),
Amritsar,Nagpur,1423,NH only (black),
Amritsar,Mysuru,2592,NH+SH (blue),
Amritsar,Mount Abu,1008,NH+SH (blue),
Amritsar,Chennai,2610,NH only (black),
Amritsar,Lucknow,950,NH only (black),
Amritsar,Kohima,2840,NH only (black),
Amritsar,Kanniyakumari,3127,NH only (black),
Amritsar,Jodhpur,731,NH+SH (blue),
Amritsar,Jammu,216,NH only (black),
Amritsar,Jaipur,707,NH only (black),
Amritsar,Jabalpur,1278,NH only (black),
Amritsar,Itanagar,2755,NH only (black),
Amritsar,Imphal,2963,NH+SH (blue),
Amritsar,Hyderabad,1906,NH only (black),
Amritsar,Guwahati,2494,NH only (black),
Amritsar,Gangtok,2076,NH only (black),
Amritsar,Gandhidham,1417,NH only (black),
Amritsar,Dispur,2499,NH only (black),
Amritsar,Delhi,451,NH only (black),
Amritsar,Dehradun,387,NH+SH (blue),
Amritsar,Darjeeling,2022,NH only (black),
Amritsar,Kochi,3163,NH+SH (blue),
Amritsar,Chandigarh,233,NH+SH (blue),
Amritsar,Kolkata,1887,NH only (black),
Amritsar,Mumbai,1848,NH+SH (blue),
Amritsar,Bikaner,534,NH only (black),
Amritsar,Bhubaneswar,2185,NH only (black),
Amritsar,Bhopal,1187,NH only (black),
Amritsar,Bengaluru,2457,NH only (black),
Amritsar,Chhatrapati Sambhajinagar,1666,NH+SH (blue),
Aizawl,Visakhapatnam,2549,NH only (black),
Aizawl,Vijayawada,2911,NH only (black),
Aizawl,Varanasi,1756,NH only (black),
Aizawl,Udaipur,2918,NH only (black),
Aizawl,Udhagamandalam,3902,NH+SH (blue),
Aizawl,Thiruvananthapuram,4150,NH only (black),
Aizawl,Tirupati,3268,NH+SH (blue),
Aizawl,Srinagar,3407,NH only (black),
Aizawl,Shimla,2858,NH only (black),
Aizawl,Shillong,396,NH only (black),
Aizawl,Rameshwaram,3938,NH only (black),
Aizawl,Puducherry,3461,NH only (black),
Aizawl,Patna,1510,NH only (black),
Aizawl,Panaji,3954,NH+SH (blue),
Aizawl,Nainital,2393,NH+SH (blue),
Aizawl,Nagpur,2725,NH only (black),
Aizawl,Mysuru,3771,NH+SH (blue),
Aizawl,Mount Abu,3108,NH+SH (blue),
Aizawl,Chennai,3322,NH only (black),
Aizawl,Lucknow,2012,NH only (black),
Aizawl,Kohima,460,NH only (black),
Aizawl,Kanniyakumari,4469,NH only (black),
Aizawl,Jodhpur,2905,NH+SH (blue),
Aizawl,Jammu,3102,NH only (black),
Aizawl,Jaipur,2552,NH only (black),
Aizawl,Jabalpur,2174,NH only (black),
Aizawl,Itanagar,874,NH only (black),
Aizawl,Imphal,337,NH only (black),
Aizawl,Hyderabad,3186,NH only (black),
Aizawl,Guwahati,496,NH only (black),
Aizawl,Gangtok,1118,NH only (black),
Aizawl,Gandhidham,3433,NH+SH (blue),
Aizawl,Dispur,491,NH only (black),
Aizawl,Delhi,2511,NH only (black),
Aizawl,Dehradun,2593,NH+SH (blue),
Aizawl,Darjeeling,1100,NH only (black),
Aizawl,Kochi,4026,NH only (black),
Aizawl,Chandigarh,2665,NH only (black),
Aizawl,Kolkata,1661,NH only (black),
Aizawl,Mumbai,3299,NH only (black),
Aizawl,Bikaner,2906,NH only (black),
Aizawl,Bhubaneswar,2131,NH only (black),
Aizawl,Bhopal,2500,NH only (black),
Aizawl,Bengaluru,3636,NH only (black),
Aizawl,Chhatrapati Sambhajinagar,3079,NH+SH (blue),
Aizawl,Amritsar,2962,NH only (black),
Ahmedabad,Visakhapatnam,1857,NH+SH (blue),
Ahmedabad,Vijayawada,1510,NH only (black),
Ahmedabad,Varanasi,1409,NH+SH (blue),
Ahmedabad,Udaipur,251,NH only (black),
Ahmedabad,Udhagamandalam,1800,NH+SH (blue),
Ahmedabad,Thiruvananthapuram,2075,NH only (black),
Ahmedabad,Tirupati,1788,NH+SH (blue),
Ahmedabad,Srinagar,1767,NH only (black),
Ahmedabad,Shimla,1233,NH only (black),
Ahmedabad,Shillong,2737,NH+SH (blue),
Ahmedabad,Rameshwaram,2133,NH only (black),
Ahmedabad,Puducherry,1849,NH+SH (blue),
Ahmedabad,Patna,1623,NH+SH (blue),
Ahmedabad,Panaji,1102,NH only (black),
Ahmedabad,Nainital,1197,NH+SH (blue),
Ahmedabad,Nagpur,888,NH+SH (blue),
Ahmedabad,Mysuru,1669,NH+SH (blue),
Ahmedabad,Mount Abu,210,NH+SH (blue),
Ahmedabad,Chennai,1868,NH only (black),
Ahmedabad,Lucknow,1214,NH only (black),
Ahmedabad,Kohima,2983,NH+SH (blue),
Ahmedabad,Kanniyakumari,2162,NH only (black),
Ahmedabad,Jodhpur,485,NH+SH (blue),
Ahmedabad,Jammu,1462,NH only (black),
Ahmedabad,Jaipur,625,NH only (black),
Ahmedabad,Jabalpur,855,NH+SH (blue),
Ahmedabad,Itanagar,3001,NH+SH (blue),
Ahmedabad,Imphal,3106,NH+SH (blue),
Ahmedabad,Hyderabad,1239,NH+SH (blue),
Ahmedabad,Guwahati,2637,NH+SH (blue),
Ahmedabad,Gangtok,2255,NH+SH (blue),
Ahmedabad,Gandhidham,369,NH only (black),
Ahmedabad,Dispur,2642,NH+SH (blue),
Ahmedabad,Delhi,876,NH only (black),
Ahmedabad,Dehradun,1109,NH+SH (blue),
Ahmedabad,Darjeeling,2149,NH+SH (blue),
Ahmedabad,Kochi,1845,NH only (black),
Ahmedabad,Chandigarh,1130,NH only (black),
Ahmedabad,Kolkata,1987,NH+SH (blue),
Ahmedabad,Mumbai,555,NH only (black),
Ahmedabad,Bikaner,733,NH+SH (blue),
Ahmedabad,Bhubaneswar,1715,NH+SH (blue),
Ahmedabad,Bhopal,563,NH+SH (blue),
Ahmedabad,Bengaluru,1534,NH only (black),
Ahmedabad,Chhatrapati Sambhajinagar,595,NH+SH (blue),
Ahmedabad,Amritsar,1322,NH only (black),
Ahmedabad,Aizawl,3133,NH+SH (blue),
Agra,Visakhapatnam,1706,NH only (black),
Agra,Vijayawada,1531,NH only (black),
Agra,Varanasi,554,NH only (black),
Agra,Udaipur,594,NH only (black),
Agra,Udhagamandalam,2092,NH+SH (blue),
Agra,Thiruvananthapuram,2572,NH only (black),
Agra,Tirupati,1866,NH+SH (blue),
Agra,Srinagar,1096,NH only (black),
Agra,Shimla,540,NH only (black),
Agra,Shillong,1926,NH only (black),
Agra,Rameshwaram,2425,NH only (black),
Agra,Puducherry,2126,NH only (black),
Agra,Patna,814,NH only (black),
Agra,Panaji,1766,NH only (black),
Agra,Nainital,342,NH+SH (blue),
Agra,Nagpur,772,NH only (black),
Agra,Mysuru,1981,NH+SH (blue),
Agra,Mount Abu,741,NH+SH (blue),
Agra,Chennai,1964,NH only (black),
Agra,Lucknow,369,NH only (black),
Agra,Kohima,2172,NH only (black),
Agra,Kanniyakumari,2496,NH only (black),
Agra,Jodhpur,583,NH+SH (blue),
Agra,Jammu,791,NH only (black),
Agra,Jaipur,230,NH only (black),
Agra,Jabalpur,627,NH only (black),
Agra,Itanagar,2148,NH only (black),
Agra,Imphal,2283,NH only (black),
Agra,Hyderabad,1260,NH only (black),
Agra,Guwahati,1826,NH only (black),
Agra,Gangtok,1410,NH only (black),
Agra,Gandhidham,1119,NH+SH (blue),
Agra,Dispur,1831,NH only (black),
Agra,Delhi,200,NH only (black),
Agra,Dehradun,387,NH+SH (blue),
Agra,Darjeeling,1369,NH only (black),
Agra,Kochi,2338,NH only (black),
Agra,Chandigarh,454,NH only (black),
Agra,Kolkata,1261,NH only (black),
Agra,Mumbai,1198,NH only (black),
Agra,Bikaner,584,NH only (black),
Agra,Bhubaneswar,1545,NH only (black),
Agra,Bhopal,568,NH only (black),
Agra,Bengaluru,1826,NH only (black),
Agra,Chhatrapati Sambhajinagar,1007,NH+SH (blue),
Agra,Amritsar,659,NH only (black),
Agra,Aizawl,2322,NH only (black),
Agra,Ahmedabad,845,NH only (black),
Agartala,Visakhapatnam,2613,NH only (black),
Agartala,Vijayawada,2975,NH only (black),
Agartala,Varanasi,1820,NH only (black),
Agartala,Udaipur,2982,NH only (black),
Agartala,Udhagamandalam,3966,NH+SH (blue),
Agartala,Thiruvananthapuram,4214,NH only (black),
Agartala,Tirupati,3332,NH+SH (blue),
Agartala,Srinagar,3417,NH only (black),
Agartala,Shimla,2922,NH only (black),
Agartala,Shillong,460,NH only (black),
Agartala,Rameshwaram,4002,NH only (black),
Agartala,Puducherry,3526,NH only (black),
Agartala,Patna,1574,NH only (black),
Agartala,Panaji,4018,NH+SH (blue),
Agartala,Nainital,2457,NH+SH (blue),
Agartala,Nagpur,2789,NH only (black),
Agartala,Mysuru,3835,NH+SH (blue),
Agartala,Mount Abu,3172,NH+SH (blue),
Agartala,Chennai,3386,NH only (black),
Agartala,Lucknow,2076,NH only (black),
Agartala,Kohima,578,NH only (black),
Agartala,Kanniyakumari,4073,NH only (black),
Agartala,Jodhpur,2959,NH+SH (blue),
Agartala,Jammu,3166,NH only (black),
Agartala,Jaipur,2606,NH only (black),
Agartala,Jabalpur,2239,NH only (black),
Agartala,Itanagar,938,NH only (black),
Agartala,Imphal,455,NH only (black),
Agartala,Hyderabad,3250,NH only (black),
Agartala,Guwahati,560,NH only (black),
Agartala,Gangtok,1182,NH only (black),
Agartala,Gandhidham,3497,NH+SH (blue),
Agartala,Dispur,555,NH only (black),
Agartala,Delhi,2575,NH only (black),
Agartala,Dehradun,2258,NH+SH (blue),
Agartala,Darjeeling,1164,NH only (black),
Agartala,Kochi,4090,NH only (black),
Agartala,Chandigarh,2829,NH only (black),
Agartala,Kolkata,1725,NH only (black),
Agartala,Mumbai,3363,NH only (black),
Agartala,Bikaner,2960,NH only (black),
Agartala,Bhubaneswar,2195,NH only (black),
Agartala,Bhopal,2564,NH only (black),
Agartala,Bengaluru,3700,NH only (black),
Agartala,Chhatrapati Sambhajinagar,3143,NH+SH (blue),
Agartala,Amritsar,3026,NH only (black),
Agartala,Aizawl,470,NH only (black),
Agartala,Ahmedabad,3197,NH+SH (blue),
Agartala,Agra,2386,NH only (black),
