ID,Age,Gender,Bedtime,Wakeup time,Sleep duration,Sleep efficiency,REM sleep percentage,Deep sleep percentage,Light sleep percentage,Awakenings,Caffeine consumption,Alcohol consumption,Smoking status,Exercise frequency,duration_score,efficiency_score,interruption_score,Sleep_Score,Estimated_Mental_Health
1,65,Female,2021-03-06 01:00:00,2021-03-06 07:00:00,6.0,0.88,18,70,10,0.0,0.0,0.0,Yes,3.0,75.0,100.0,100.0,90.0,Good and Low Stress
2,69,Male,2021-12-05 02:00:00,2021-12-05 09:00:00,7.0,0.66,24,28,53,3.0,0.0,3.0,Yes,3.0,100.0,77.64705882352942,55.0,82.05882352941177,Moderate Risk and Fatigue
3,40,Female,2021-05-25 21:30:00,2021-05-25 05:30:00,8.0,0.89,20,70,10,1.0,0.0,0.0,No,3.0,100.0,100.0,85.0,97.0,Good and Low Stress
4,40,Female,2021-11-03 02:30:00,2021-11-03 08:30:00,6.0,0.51,28,25,52,3.0,50.0,5.0,Yes,1.0,75.0,60.0,55.0,65.0,High Risk and Poor Mental Health
5,57,Male,2021-03-13 01:00:00,2021-03-13 09:00:00,8.0,0.76,27,55,18,3.0,0.0,3.0,No,3.0,100.0,89.41176470588236,55.0,86.76470588235296,Good and Low Stress
6,36,Female,2021-07-01 21:00:00,2021-07-01 04:30:00,7.5,0.9,28,60,17,0.0,,0.0,No,1.0,100.0,100.0,100.0,100.0,Good and Low Stress
7,27,Female,2021-07-21 21:00:00,2021-07-21 03:00:00,6.0,0.54,28,25,52,2.0,50.0,0.0,Yes,1.0,75.0,63.52941176470588,70.0,69.41176470588235,High Risk and Poor Mental Health
8,53,Male,2021-08-16 00:30:00,2021-08-16 10:30:00,10.0,0.9,28,57,20,0.0,50.0,0.0,Yes,3.0,75.0,100.0,100.0,90.0,Good and Low Stress
9,41,Female,2021-04-05 02:30:00,2021-04-05 08:30:00,6.0,0.79,28,60,17,3.0,50.0,0.0,No,1.0,75.0,92.94117647058823,55.0,78.1764705882353,Moderate Risk and Fatigue
10,11,Female,2021-09-16 01:00:00,2021-09-16 10:00:00,9.0,0.55,18,35,45,4.0,0.0,3.0,Yes,0.0,100.0,64.70588235294117,40.0,73.88235294117646,Moderate Risk and Fatigue
11,50,Male,2021-02-28 00:30:00,2021-02-28 08:30:00,8.0,0.92,28,57,20,1.0,50.0,0.0,Yes,3.0,100.0,100.0,85.0,97.0,Good and Low Stress
12,55,Male,2021-03-10 22:30:00,2021-03-10 06:00:00,7.5,0.93,18,60,22,0.0,0.0,0.0,No,3.0,100.0,100.0,100.0,100.0,Good and Low Stress
13,30,Female,2021-08-07 02:30:00,2021-08-07 11:30:00,9.0,0.93,24,63,18,0.0,50.0,0.0,No,1.0,100.0,100.0,100.0,100.0,Good and Low Stress
14,28,Male,2021-02-25 01:00:00,2021-02-25 09:30:00,8.5,0.64,28,25,52,4.0,0.0,0.0,No,3.0,100.0,75.29411764705883,40.0,78.11764705882354,Moderate Risk and Fatigue
15,36,Female,2021-07-03 01:30:00,2021-07-03 10:00:00,8.5,0.54,20,30,48,2.0,25.0,1.0,Yes,0.0,100.0,63.52941176470588,70.0,79.41176470588235,Moderate Risk and Fatigue
16,32,Female,2021-12-06 22:00:00,2021-12-06 05:30:00,7.5,0.92,25,55,20,0.0,50.0,2.0,No,5.0,100.0,100.0,100.0,100.0,Good and Low Stress
17,21,Female,2021-03-24 01:00:00,2021-03-24 08:00:00,7.0,0.54,28,22,55,4.0,0.0,2.0,Yes,0.0,100.0,63.52941176470588,40.0,73.41176470588235,Moderate Risk and Fatigue
18,40,Female,2021-08-27 23:00:00,2021-08-27 06:30:00,7.5,0.5,18,20,55,3.0,50.0,2.0,Yes,3.0,100.0,58.82352941176471,55.0,74.52941176470588,Moderate Risk and Fatigue
19,43,Female,2021-07-27 00:00:00,2021-07-27 09:00:00,9.0,0.98,20,65,13,0.0,25.0,1.0,No,0.0,100.0,100.0,100.0,100.0,Good and Low Stress
20,52,Male,2021-12-03 00:30:00,2021-12-03 07:30:00,7.0,0.89,28,57,20,,50.0,0.0,Yes,3.0,100.0,100.0,70.0,94.0,Good and Low Stress
21,24,Male,2021-05-02 00:00:00,2021-05-02 08:00:00,8.0,0.83,15,75,10,3.0,0.0,,No,2.0,100.0,97.6470588235294,55.0,90.05882352941177,Good and Low Stress
22,32,Male,2021-06-14 02:30:00,2021-06-14 10:00:00,7.5,0.71,22,58,19,3.0,50.0,4.0,No,1.0,100.0,83.52941176470588,55.0,84.41176470588235,Moderate Risk and Fatigue
23,29,Female,2021-12-23 22:00:00,2021-12-23 06:00:00,8.0,0.84,24,60,17,2.0,75.0,0.0,No,2.0,100.0,98.82352941176471,70.0,93.52941176470588,Good and Low Stress
24,63,Female,2021-05-21 02:30:00,2021-05-21 10:30:00,8.0,0.98,20,65,13,0.0,50.0,0.0,No,1.0,100.0,100.0,100.0,100.0,Good and Low Stress
25,24,Male,2021-09-16 00:00:00,2021-09-16 07:00:00,7.0,0.88,22,75,10,1.0,,5.0,No,2.0,100.0,100.0,85.0,97.0,Good and Low Stress
26,52,Male,2021-03-26 00:00:00,2021-03-26 06:00:00,6.0,0.91,18,75,10,1.0,0.0,0.0,No,2.0,75.0,100.0,85.0,87.0,Good and Low Stress
27,36,Female,2021-06-18 00:00:00,2021-06-18 07:00:00,7.0,0.95,28,60,17,0.0,,0.0,No,1.0,100.0,100.0,100.0,100.0,Good and Low Stress
28,35,Male,2021-12-15 02:30:00,2021-12-15 09:30:00,7.0,0.84,24,60,17,2.0,0.0,0.0,Yes,2.0,100.0,98.82352941176471,70.0,93.52941176470588,Good and Low Stress
29,23,Male,2021-11-08 21:30:00,2021-11-08 06:30:00,9.0,0.65,27,20,53,3.0,0.0,0.0,No,3.0,100.0,76.47058823529412,55.0,81.58823529411765,Moderate Risk and Fatigue
30,47,Female,2021-12-25 22:30:00,2021-12-25 05:30:00,7.0,0.91,20,55,20,1.0,0.0,3.0,No,4.0,100.0,100.0,85.0,97.0,Good and Low Stress
31,24,Male,2021-08-10 00:00:00,2021-08-10 07:00:00,7.0,0.57,27,20,53,3.0,0.0,1.0,Yes,3.0,100.0,67.05882352941175,55.0,77.8235294117647,Moderate Risk and Fatigue
32,18,Male,2021-05-24 00:30:00,2021-05-24 08:30:00,8.0,0.68,20,30,48,3.0,25.0,2.0,No,0.0,100.0,80.0,55.0,83.0,Moderate Risk and Fatigue
33,26,Male,2021-03-26 00:00:00,2021-03-26 07:00:00,7.0,0.55,28,23,54,3.0,0.0,4.0,Yes,0.0,100.0,64.70588235294117,55.0,76.88235294117646,Moderate Risk and Fatigue
34,37,Female,2021-11-28 00:30:00,2021-11-28 07:30:00,7.0,0.9,28,58,19,0.0,25.0,1.0,Yes,,100.0,100.0,100.0,100.0,Good and Low Stress
35,46,Female,2021-07-28 21:30:00,2021-07-28 05:00:00,7.5,0.94,25,60,15,0.0,0.0,0.0,No,3.0,100.0,100.0,100.0,100.0,Good and Low Stress
36,61,Female,2021-10-19 01:00:00,2021-10-19 08:00:00,7.0,0.64,28,22,55,2.0,50.0,3.0,No,0.0,100.0,75.29411764705883,70.0,84.11764705882354,Moderate Risk and Fatigue
37,38,Male,2021-08-06 22:00:00,2021-08-06 05:00:00,7.0,0.87,18,70,10,1.0,0.0,0.0,Yes,3.0,100.0,100.0,85.0,97.0,Good and Low Stress
38,20,Female,2021-09-05 00:00:00,2021-09-05 09:00:00,9.0,0.82,26,63,18,4.0,,0.0,No,1.0,100.0,96.47058823529412,40.0,86.58823529411765,Good and Low Stress
39,28,Female,2021-06-19 00:00:00,2021-06-19 07:30:00,7.5,0.87,28,60,17,1.0,50.0,0.0,Yes,1.0,100.0,100.0,85.0,97.0,Good and Low Stress
40,58,Female,2021-03-26 02:00:00,2021-03-26 09:00:00,7.0,0.63,22,23,54,3.0,50.0,3.0,No,0.0,100.0,74.11764705882354,55.0,80.64705882352942,Moderate Risk and Fatigue
41,46,Male,2021-07-29 22:00:00,2021-07-29 04:00:00,6.0,0.83,22,57,20,3.0,0.0,0.0,No,0.0,75.0,97.6470588235294,55.0,80.05882352941177,Moderate Risk and Fatigue
42,52,Male,2021-05-08 01:30:00,2021-05-08 07:30:00,6.0,0.83,20,65,13,1.0,25.0,0.0,Yes,1.0,75.0,97.6470588235294,85.0,86.05882352941177,Good and Low Stress
43,29,Female,2021-06-27 00:00:00,2021-06-27 10:00:00,10.0,0.59,28,25,52,2.0,50.0,0.0,Yes,1.0,75.0,69.41176470588235,70.0,71.76470588235294,Moderate Risk and Fatigue
44,31,Female,2021-08-13 22:30:00,2021-08-13 06:00:00,7.5,0.87,28,60,17,1.0,50.0,0.0,No,1.0,100.0,100.0,85.0,97.0,Good and Low Stress
45,34,Female,2021-12-10 23:00:00,2021-12-10 07:00:00,8.0,0.77,20,65,13,3.0,25.0,1.0,No,0.0,100.0,90.58823529411765,55.0,87.23529411764707,Good and Low Stress
46,40,Female,2021-04-07 01:30:00,2021-04-07 08:30:00,7.0,0.86,24,63,18,1.0,50.0,0.0,No,1.0,100.0,100.0,85.0,97.0,Good and Low Stress
47,55,Male,2021-04-20 00:00:00,2021-04-20 08:00:00,8.0,0.91,22,57,20,1.0,0.0,0.0,No,0.0,100.0,100.0,85.0,97.0,Good and Low Stress
48,27,Female,2021-04-11 00:00:00,2021-04-11 07:30:00,7.5,0.71,28,60,17,1.0,50.0,1.0,Yes,1.0,100.0,83.52941176470588,85.0,90.41176470588235,Good and Low Stress
49,21,Female,2021-08-01 00:00:00,2021-08-01 08:00:00,8.0,0.81,24,60,17,3.0,0.0,0.0,No,0.0,100.0,95.29411764705881,55.0,89.11764705882354,Good and Low Stress
50,37,Female,2021-04-10 21:30:00,2021-04-10 04:30:00,7.0,0.81,25,55,20,1.0,0.0,5.0,No,4.0,100.0,95.29411764705881,85.0,95.11764705882354,Good and Low Stress
51,29,Female,2021-11-24 22:00:00,2021-11-24 05:00:00,7.0,0.71,28,57,21,1.0,25.0,0.0,No,2.0,100.0,83.52941176470588,85.0,90.41176470588235,Good and Low Stress
52,65,Male,2021-08-27 02:30:00,2021-08-27 10:00:00,7.5,0.71,22,58,19,2.0,50.0,2.0,No,3.0,100.0,83.52941176470588,70.0,87.41176470588235,Good and Low Stress
53,9,Female,2021-11-27 01:00:00,2021-11-27 09:30:00,8.5,0.52,18,35,45,2.0,0.0,5.0,Yes,0.0,100.0,61.1764705882353,70.0,78.47058823529412,Moderate Risk and Fatigue
54,16,Female,2021-08-31 01:00:00,2021-08-31 09:30:00,8.5,0.65,18,35,45,2.0,0.0,4.0,No,0.0,100.0,76.47058823529412,70.0,84.58823529411765,Moderate Risk and Fatigue
55,18,Male,2021-08-09 01:30:00,2021-08-09 09:00:00,7.5,0.84,18,70,10,2.0,0.0,3.0,No,3.0,100.0,98.82352941176471,70.0,93.52941176470588,Good and Low Stress
56,37,Male,2021-12-04 22:00:00,2021-12-04 07:00:00,9.0,0.84,18,70,10,1.0,0.0,0.0,No,3.0,100.0,98.82352941176471,85.0,96.52941176470588,Good and Low Stress
57,54,Male,2021-09-22 01:00:00,2021-09-22 09:00:00,8.0,0.99,27,55,18,1.0,0.0,3.0,No,3.0,100.0,100.0,85.0,97.0,Good and Low Stress
58,43,Male,2021-03-20 02:00:00,2021-03-20 09:30:00,7.5,0.91,28,58,19,1.0,,0.0,Yes,3.0,100.0,100.0,85.0,97.0,Good and Low Stress
59,34,Female,2021-11-07 01:30:00,2021-11-07 08:30:00,7.0,0.71,20,65,13,3.0,50.0,0.0,No,1.0,100.0,83.52941176470588,55.0,84.41176470588235,Moderate Risk and Fatigue
60,34,Female,2021-08-08 21:00:00,2021-08-08 04:30:00,7.5,0.8,28,60,17,4.0,50.0,0.0,No,1.0,100.0,94.11764705882352,40.0,85.64705882352942,Good and Low Stress
61,32,Female,2021-06-11 02:30:00,2021-06-11 10:00:00,7.5,0.95,28,60,17,1.0,,0.0,No,1.0,100.0,100.0,85.0,97.0,Good and Low Stress
62,56,Male,2021-09-30 22:30:00,2021-09-30 05:30:00,7.0,0.91,18,60,22,0.0,0.0,0.0,No,4.0,100.0,100.0,100.0,100.0,Good and Low Stress
63,29,Male,2021-05-03 21:00:00,2021-05-03 05:00:00,8.0,0.81,15,57,18,1.0,200.0,0.0,No,,100.0,95.29411764705881,85.0,95.11764705882354,Good and Low Stress
64,35,Female,2021-05-08 21:00:00,2021-05-08 04:30:00,7.5,0.93,28,60,17,1.0,,0.0,No,1.0,100.0,100.0,85.0,97.0,Good and Low Stress
65,30,Male,2021-04-24 01:30:00,2021-04-24 09:00:00,7.5,0.85,18,70,10,1.0,,0.0,No,3.0,100.0,100.0,85.0,97.0,Good and Low Stress
66,21,Male,2021-02-21 01:00:00,2021-02-21 09:00:00,8.0,0.77,24,63,18,4.0,0.0,3.0,No,3.0,100.0,90.58823529411765,40.0,84.23529411764707,Moderate Risk and Fatigue
67,25,Male,2021-07-16 00:00:00,2021-07-16 07:00:00,7.0,0.84,15,70,15,4.0,0.0,4.0,No,2.0,100.0,98.82352941176471,40.0,87.52941176470588,Good and Low Stress
68,52,Male,2021-12-24 01:30:00,2021-12-24 09:00:00,7.5,0.87,18,70,10,0.0,25.0,2.0,No,1.0,100.0,100.0,100.0,100.0,Good and Low Stress
69,46,Male,2021-05-07 00:00:00,2021-05-07 07:00:00,7.0,0.8,18,70,10,2.0,0.0,0.0,No,0.0,100.0,94.11764705882352,70.0,91.64705882352942,Good and Low Stress
70,40,Male,2021-09-23 22:00:00,2021-09-23 04:00:00,6.0,0.52,18,35,45,2.0,0.0,2.0,Yes,3.0,75.0,61.1764705882353,70.0,68.47058823529412,High Risk and Poor Mental Health
71,30,Female,2021-06-08 02:30:00,2021-06-08 10:00:00,7.5,0.54,28,25,52,1.0,50.0,3.0,Yes,1.0,100.0,63.52941176470588,85.0,82.41176470588235,Moderate Risk and Fatigue
72,32,Female,2021-11-26 23:00:00,2021-11-26 06:00:00,7.0,0.88,18,55,20,1.0,50.0,2.0,No,4.0,100.0,100.0,85.0,97.0,Good and Low Stress
73,55,Male,2021-02-28 21:30:00,2021-02-28 03:30:00,6.0,0.64,18,35,45,1.0,0.0,4.0,Yes,3.0,75.0,75.29411764705883,85.0,77.11764705882354,Moderate Risk and Fatigue
74,58,Male,2021-05-25 02:30:00,2021-05-25 10:00:00,7.5,0.87,24,60,17,0.0,25.0,0.0,Yes,2.0,100.0,100.0,100.0,100.0,Good and Low Stress
75,47,Male,2021-12-23 22:00:00,2021-12-23 05:00:00,7.0,0.77,22,57,20,4.0,0.0,0.0,No,0.0,100.0,90.58823529411765,40.0,84.23529411764707,Moderate Risk and Fatigue
76,44,Male,2021-12-16 00:30:00,2021-12-16 09:00:00,8.5,0.68,26,28,53,2.0,0.0,,Yes,1.0,100.0,80.0,70.0,86.0,Good and Low Stress
77,47,Female,2021-09-02 21:00:00,2021-09-02 04:00:00,7.0,0.94,30,60,10,1.0,0.0,0.0,No,3.0,100.0,100.0,85.0,97.0,Good and Low Stress
78,46,Male,2021-01-11 02:00:00,2021-01-11 11:00:00,9.0,0.7,18,70,10,1.0,0.0,5.0,Yes,3.0,100.0,82.35294117647058,85.0,89.94117647058823,Good and Low Stress
79,43,Male,2021-03-04 22:00:00,2021-03-04 05:00:00,7.0,0.79,18,70,10,4.0,0.0,0.0,No,3.0,100.0,92.94117647058823,40.0,85.1764705882353,Good and Low Stress
80,54,Male,2021-05-19 02:30:00,2021-05-19 10:00:00,7.5,0.77,24,60,17,3.0,0.0,0.0,Yes,2.0,100.0,90.58823529411765,55.0,87.23529411764707,Good and Low Stress
81,55,Male,2021-07-14 01:30:00,2021-07-14 10:00:00,8.5,0.86,20,65,13,1.0,25.0,0.0,Yes,1.0,100.0,100.0,85.0,97.0,Good and Low Stress
82,29,Male,2021-07-11 21:00:00,2021-07-11 04:30:00,7.5,0.81,15,57,18,2.0,200.0,0.0,No,2.0,100.0,95.29411764705881,70.0,92.11764705882354,Good and Low Stress
83,66,Male,2021-07-03 02:00:00,2021-07-03 09:30:00,7.5,0.88,26,60,16,0.0,0.0,0.0,Yes,3.0,100.0,100.0,100.0,100.0,Good and Low Stress
84,40,Female,2021-12-04 22:30:00,2021-12-04 06:30:00,8.0,0.78,28,57,21,4.0,25.0,0.0,No,3.0,100.0,91.76470588235294,40.0,84.70588235294119,Moderate Risk and Fatigue
85,50,Male,2021-09-26 22:00:00,2021-09-26 04:00:00,6.0,0.64,22,22,55,4.0,0.0,3.0,No,0.0,75.0,75.29411764705883,40.0,68.11764705882354,High Risk and Poor Mental Health
86,53,Male,2021-11-06 23:00:00,2021-11-06 06:30:00,7.5,0.88,18,65,15,,75.0,0.0,No,2.0,100.0,100.0,70.0,94.0,Good and Low Stress
87,50,Male,2021-04-09 00:00:00,2021-04-09 07:00:00,7.0,0.78,22,57,20,2.0,0.0,0.0,No,0.0,100.0,91.76470588235294,70.0,90.70588235294119,Good and Low Stress
88,50,Male,2021-04-14 00:00:00,2021-04-14 07:00:00,7.0,0.71,26,60,16,3.0,0.0,3.0,No,0.0,100.0,83.52941176470588,55.0,84.41176470588235,Moderate Risk and Fatigue
89,48,Male,2021-08-28 02:00:00,2021-08-28 09:30:00,7.5,0.97,28,60,17,0.0,0.0,0.0,Yes,3.0,100.0,100.0,100.0,100.0,Good and Low Stress
90,24,Female,2021-11-26 00:00:00,2021-11-26 07:30:00,7.5,0.77,26,63,18,4.0,25.0,0.0,No,1.0,100.0,90.58823529411765,40.0,84.23529411764707,Moderate Risk and Fatigue
91,45,Male,2021-03-29 02:30:00,2021-03-29 07:30:00,5.0,0.8,24,60,17,4.0,0.0,0.0,Yes,2.0,50.0,94.11764705882352,40.0,65.64705882352942,High Risk and Poor Mental Health
92,57,Male,2021-08-20 21:30:00,2021-08-20 05:30:00,8.0,0.94,27,55,18,0.0,0.0,3.0,No,3.0,100.0,100.0,100.0,100.0,Good and Low Stress
93,39,Male,2021-08-25 21:00:00,2021-08-25 04:00:00,7.0,0.52,18,35,45,3.0,0.0,3.0,Yes,3.0,100.0,61.1764705882353,55.0,75.47058823529412,Moderate Risk and Fatigue
94,43,Male,2021-10-23 22:00:00,2021-10-23 05:00:00,7.0,0.76,22,57,20,4.0,0.0,0.0,No,0.0,100.0,89.41176470588236,40.0,83.76470588235296,Moderate Risk and Fatigue
95,51,Male,2021-08-12 00:00:00,2021-08-12 07:30:00,7.5,0.73,22,57,20,4.0,0.0,3.0,No,0.0,100.0,85.88235294117646,40.0,82.35294117647058,Moderate Risk and Fatigue
96,61,Female,2021-07-10 02:00:00,2021-07-10 09:00:00,7.0,0.73,20,65,13,1.0,25.0,2.0,Yes,0.0,100.0,85.88235294117646,85.0,91.35294117647058,Good and Low Stress
97,41,Male,2021-02-15 21:00:00,2021-02-15 04:00:00,7.0,0.96,28,55,17,0.0,200.0,0.0,No,3.0,100.0,100.0,100.0,100.0,Good and Low Stress
98,53,Male,2021-11-02 23:00:00,2021-11-02 06:30:00,7.5,0.91,28,57,21,1.0,25.0,0.0,No,2.0,100.0,100.0,85.0,97.0,Good and Low Stress
99,32,Female,2021-01-12 02:00:00,2021-01-12 11:00:00,9.0,0.8,20,65,13,2.0,25.0,0.0,No,0.0,100.0,94.11764705882352,70.0,91.64705882352942,Good and Low Stress
100,65,Male,2021-12-07 01:30:00,2021-12-07 09:30:00,8.0,0.77,18,70,10,4.0,0.0,0.0,No,3.0,100.0,90.58823529411765,40.0,84.23529411764707,Moderate Risk and Fatigue
101,38,Female,2021-09-02 00:30:00,2021-09-02 08:30:00,8.0,0.81,28,60,17,1.0,25.0,1.0,No,0.0,100.0,95.29411764705881,85.0,95.11764705882354,Good and Low Stress
102,53,Male,2021-01-28 01:00:00,2021-01-28 09:30:00,8.5,0.71,20,65,13,4.0,0.0,1.0,No,3.0,100.0,83.52941176470588,40.0,81.41176470588235,Moderate Risk and Fatigue
103,55,Female,2021-12-30 00:00:00,2021-12-30 08:00:00,8.0,0.95,24,60,17,1.0,25.0,0.0,No,0.0,100.0,100.0,85.0,97.0,Good and Low Stress
104,44,Female,2021-11-18 23:00:00,2021-11-18 05:00:00,6.0,0.64,20,30,48,4.0,25.0,5.0,No,0.0,75.0,75.29411764705883,40.0,68.11764705882354,High Risk and Poor Mental Health
105,38,Female,2021-06-13 23:00:00,2021-06-13 05:00:00,6.0,0.94,28,60,17,0.0,50.0,0.0,No,1.0,75.0,100.0,100.0,90.0,Good and Low Stress
106,40,Female,2021-12-07 22:00:00,2021-12-07 06:00:00,8.0,0.87,18,57,21,0.0,25.0,0.0,No,3.0,100.0,100.0,100.0,100.0,Good and Low Stress
107,53,Male,2021-05-19 21:00:00,2021-05-19 04:00:00,7.0,0.63,25,20,55,3.0,0.0,5.0,No,2.0,100.0,74.11764705882354,55.0,80.64705882352942,Moderate Risk and Fatigue
108,24,Male,2021-04-03 00:30:00,2021-04-03 09:00:00,8.5,0.88,26,63,18,0.0,50.0,0.0,Yes,1.0,100.0,100.0,100.0,100.0,Good and Low Stress
109,39,Female,2021-10-22 23:00:00,2021-10-22 07:00:00,8.0,0.9,22,63,15,1.0,50.0,2.0,No,4.0,100.0,100.0,85.0,97.0,Good and Low Stress
110,47,Male,2021-12-30 00:30:00,2021-12-30 08:00:00,7.5,0.94,28,57,20,1.0,50.0,0.0,Yes,3.0,100.0,100.0,85.0,97.0,Good and Low Stress
111,51,Male,2021-06-18 00:30:00,2021-06-18 05:30:00,5.0,0.91,28,57,20,1.0,50.0,0.0,Yes,3.0,50.0,100.0,85.0,77.0,Moderate Risk and Fatigue
112,25,Male,2021-10-26 23:00:00,2021-10-26 06:00:00,7.0,0.9,20,65,15,0.0,100.0,0.0,No,3.0,100.0,100.0,100.0,100.0,Good and Low Stress
113,23,Male,2021-10-07 23:00:00,2021-10-07 07:00:00,8.0,0.8,15,65,15,4.0,75.0,0.0,No,2.0,100.0,94.11764705882352,40.0,85.64705882352942,Good and Low Stress
114,54,Male,2021-11-19 01:30:00,2021-11-19 07:30:00,6.0,0.85,20,65,13,1.0,25.0,0.0,Yes,1.0,75.0,100.0,85.0,87.0,Good and Low Stress
115,32,Male,2021-07-02 00:30:00,2021-07-02 09:00:00,8.5,0.89,26,63,18,1.0,,0.0,Yes,1.0,100.0,100.0,85.0,97.0,Good and Low Stress
116,22,Male,2021-08-04 00:00:00,2021-08-04 07:00:00,7.0,0.53,27,20,53,2.0,0.0,5.0,Yes,3.0,100.0,62.35294117647059,70.0,78.94117647058823,Moderate Risk and Fatigue
117,50,Male,2021-04-29 00:30:00,2021-04-29 08:30:00,8.0,0.87,28,57,20,1.0,50.0,0.0,Yes,3.0,100.0,100.0,85.0,97.0,Good and Low Stress
118,30,Male,2021-10-11 21:30:00,2021-10-11 05:30:00,8.0,0.5,20,35,45,1.0,0.0,5.0,Yes,0.0,100.0,58.82352941176471,85.0,80.52941176470588,Moderate Risk and Fatigue
119,52,Male,2021-11-25 22:30:00,2021-11-25 05:30:00,7.0,0.93,20,62,18,1.0,0.0,0.0,No,3.0,100.0,100.0,85.0,97.0,Good and Low Stress
120,52,Male,2021-07-25 21:30:00,2021-07-25 04:30:00,7.0,0.72,20,70,10,2.0,0.0,0.0,No,3.0,100.0,84.70588235294117,70.0,87.88235294117646,Good and Low Stress
121,51,Male,2021-07-24 22:30:00,2021-07-24 04:30:00,6.0,0.92,20,62,18,1.0,0.0,0.0,No,4.0,75.0,100.0,85.0,87.0,Good and Low Stress
122,15,Female,2021-07-24 01:00:00,2021-07-24 09:00:00,8.0,0.62,18,35,45,1.0,0.0,5.0,No,0.0,100.0,72.94117647058823,85.0,86.17647058823529,Good and Low Stress
123,48,Male,2021-04-26 00:00:00,2021-04-26 07:00:00,7.0,0.93,22,57,20,1.0,0.0,0.0,No,0.0,100.0,100.0,85.0,97.0,Good and Low Stress
124,19,Male,2021-10-05 01:30:00,2021-10-05 10:00:00,8.5,0.91,20,65,13,,25.0,0.0,Yes,1.0,100.0,100.0,70.0,94.0,Good and Low Stress
125,56,Male,2021-10-29 02:00:00,2021-10-29 09:00:00,7.0,0.63,18,35,45,3.0,0.0,2.0,Yes,3.0,100.0,74.11764705882354,55.0,80.64705882352942,Moderate Risk and Fatigue
126,25,Male,2021-05-31 22:30:00,2021-05-31 06:30:00,8.0,0.77,28,57,21,2.0,25.0,0.0,No,3.0,100.0,90.58823529411765,70.0,90.23529411764707,Good and Low Stress
127,54,Male,2021-01-29 00:00:00,2021-01-29 07:00:00,7.0,0.51,22,22,55,3.0,0.0,0.0,Yes,0.0,100.0,60.0,55.0,75.0,Moderate Risk and Fatigue
128,37,Female,2021-05-15 23:00:00,2021-05-15 06:00:00,7.0,0.94,30,55,20,1.0,50.0,1.0,No,3.0,100.0,100.0,85.0,97.0,Good and Low Stress
129,33,Female,2021-08-09 23:00:00,2021-08-09 08:00:00,9.0,0.73,20,65,13,2.0,25.0,1.0,No,0.0,100.0,85.88235294117646,70.0,88.35294117647058,Good and Low Stress
130,25,Male,2021-07-20 21:00:00,2021-07-20 04:00:00,7.0,0.78,18,65,15,2.0,50.0,,No,3.0,100.0,91.76470588235294,70.0,90.70588235294119,Good and Low Stress
131,29,Female,2021-11-25 00:30:00,2021-11-25 08:30:00,8.0,0.55,28,25,52,1.0,25.0,1.0,Yes,0.0,100.0,64.70588235294117,85.0,82.88235294117646,Moderate Risk and Fatigue
132,36,Female,2021-01-03 00:30:00,2021-01-03 08:30:00,8.0,0.83,28,60,17,4.0,50.0,0.0,Yes,1.0,100.0,97.6470588235294,40.0,87.05882352941177,Good and Low Stress
133,32,Female,2021-09-10 22:00:00,2021-09-10 05:30:00,7.5,0.94,28,60,17,1.0,50.0,0.0,No,1.0,100.0,100.0,85.0,97.0,Good and Low Stress
134,37,Male,2021-01-26 21:30:00,2021-01-26 05:30:00,8.0,0.95,18,70,10,1.0,0.0,0.0,No,3.0,100.0,100.0,85.0,97.0,Good and Low Stress
135,27,Male,2021-10-23 23:00:00,2021-10-23 06:00:00,7.0,0.59,24,25,52,3.0,75.0,2.0,Yes,2.0,100.0,69.41176470588235,55.0,78.76470588235294,Moderate Risk and Fatigue
136,48,Female,2021-02-03 00:00:00,2021-02-03 07:00:00,7.0,0.82,18,65,15,,50.0,1.0,No,4.0,100.0,96.47058823529412,70.0,92.58823529411765,Good and Low Stress
137,52,Male,2021-03-05 00:30:00,2021-03-05 07:30:00,7.0,0.9,26,63,18,0.0,,3.0,Yes,1.0,100.0,100.0,100.0,100.0,Good and Low Stress
138,36,Male,2021-03-06 02:00:00,2021-03-06 09:00:00,7.0,0.77,20,65,13,2.0,0.0,0.0,Yes,3.0,100.0,90.58823529411765,70.0,90.23529411764707,Good and Low Stress
139,55,Male,2021-03-01 02:30:00,2021-03-01 10:00:00,7.5,0.83,22,58,19,,0.0,3.0,No,3.0,100.0,97.6470588235294,70.0,93.05882352941177,Good and Low Stress
140,52,Female,2021-12-09 00:00:00,2021-12-09 09:00:00,9.0,0.65,18,35,45,2.0,25.0,2.0,No,0.0,100.0,76.47058823529412,70.0,84.58823529411765,Moderate Risk and Fatigue
141,37,Female,2021-09-19 22:00:00,2021-09-19 06:30:00,8.5,0.54,20,30,48,2.0,25.0,,Yes,0.0,100.0,63.52941176470588,70.0,79.41176470588235,Moderate Risk and Fatigue
142,28,Female,2021-02-05 21:00:00,2021-02-05 03:00:00,6.0,0.51,28,25,52,2.0,50.0,5.0,Yes,1.0,75.0,60.0,70.0,68.0,High Risk and Poor Mental Health
143,48,Male,2021-02-04 22:00:00,2021-02-04 05:00:00,7.0,0.81,27,55,18,3.0,0.0,3.0,No,3.0,100.0,95.29411764705881,55.0,89.11764705882354,Good and Low Stress
144,25,Male,2021-04-21 21:30:00,2021-04-21 04:30:00,7.0,0.87,27,55,18,,0.0,3.0,No,3.0,100.0,100.0,70.0,94.0,Good and Low Stress
145,65,Female,2021-03-26 02:00:00,2021-03-26 09:00:00,7.0,0.75,20,65,13,2.0,25.0,1.0,Yes,0.0,100.0,88.23529411764706,70.0,89.29411764705883,Good and Low Stress
146,31,Female,2021-12-03 01:30:00,2021-12-03 08:30:00,7.0,0.57,24,28,53,3.0,50.0,5.0,Yes,1.0,100.0,67.05882352941175,55.0,77.8235294117647,Moderate Risk and Fatigue
147,42,Male,2021-09-10 23:00:00,2021-09-10 07:00:00,8.0,0.58,18,35,45,2.0,0.0,0.0,Yes,3.0,100.0,68.23529411764704,70.0,81.29411764705881,Moderate Risk and Fatigue
148,40,Female,2021-11-27 00:00:00,2021-11-27 08:00:00,8.0,0.81,20,65,13,4.0,25.0,1.0,No,0.0,100.0,95.29411764705881,40.0,86.11764705882354,Good and Low Stress
149,26,Female,2021-02-27 21:00:00,2021-02-27 05:00:00,8.0,0.75,28,60,17,3.0,50.0,,No,1.0,100.0,88.23529411764706,55.0,86.29411764705883,Good and Low Stress
150,33,Female,2021-09-30 02:30:00,2021-09-30 10:00:00,7.5,0.6,26,25,51,,50.0,0.0,No,1.0,100.0,70.58823529411765,70.0,82.23529411764706,Moderate Risk and Fatigue
151,65,Male,2021-04-15 01:00:00,2021-04-15 09:30:00,8.5,0.53,28,25,52,3.0,0.0,2.0,Yes,3.0,100.0,62.35294117647059,55.0,75.94117647058823,Moderate Risk and Fatigue
152,50,Female,2021-07-24 23:00:00,2021-07-24 06:00:00,7.0,0.93,25,63,15,1.0,50.0,2.0,No,4.0,100.0,100.0,85.0,97.0,Good and Low Stress
153,22,Male,2021-09-29 23:00:00,2021-09-29 06:30:00,7.5,0.89,18,65,17,0.0,75.0,1.0,No,4.0,100.0,100.0,100.0,100.0,Good and Low Stress
154,41,Male,2021-07-01 02:30:00,2021-07-01 10:00:00,7.5,0.7,22,58,19,3.0,0.0,0.0,No,3.0,100.0,82.35294117647058,55.0,83.94117647058823,Moderate Risk and Fatigue
155,68,Male,2021-03-19 02:00:00,2021-03-19 09:30:00,7.5,0.74,28,58,19,4.0,0.0,1.0,Yes,3.0,100.0,87.05882352941177,40.0,82.82352941176471,Moderate Risk and Fatigue
156,61,Male,2021-09-23 01:30:00,2021-09-23 09:00:00,7.5,0.92,18,70,10,1.0,0.0,0.0,No,1.0,100.0,100.0,85.0,97.0,Good and Low Stress
157,23,Female,2021-01-26 21:30:00,2021-01-26 05:00:00,7.5,0.93,28,60,17,0.0,50.0,0.0,No,1.0,100.0,100.0,100.0,100.0,Good and Low Stress
158,45,Female,2021-07-20 21:00:00,2021-07-20 04:00:00,7.0,0.95,30,60,10,1.0,0.0,0.0,No,4.0,100.0,100.0,85.0,97.0,Good and Low Stress
159,14,Female,2021-02-02 01:00:00,2021-02-02 08:00:00,7.0,0.6,18,35,45,3.0,0.0,,No,0.0,100.0,70.58823529411765,55.0,79.23529411764706,Moderate Risk and Fatigue
160,30,Male,2021-10-18 00:30:00,2021-10-18 09:00:00,8.5,0.93,26,63,18,0.0,0.0,0.0,Yes,1.0,100.0,100.0,100.0,100.0,Good and Low Stress
161,42,Male,2021-11-06 02:30:00,2021-11-06 09:30:00,7.0,0.81,24,60,17,4.0,0.0,0.0,Yes,2.0,100.0,95.29411764705881,40.0,86.11764705882354,Good and Low Stress
162,42,Male,2021-11-06 21:00:00,2021-11-06 04:30:00,7.5,0.95,28,55,17,0.0,200.0,0.0,No,3.0,100.0,100.0,100.0,100.0,Good and Low Stress
163,53,Male,2021-05-31 22:00:00,2021-05-31 05:00:00,7.0,0.72,22,57,20,3.0,0.0,0.0,No,0.0,100.0,84.70588235294117,55.0,84.88235294117646,Moderate Risk and Fatigue
164,49,Female,2021-09-06 00:30:00,2021-09-06 07:30:00,7.0,0.9,22,57,20,1.0,25.0,1.0,Yes,0.0,100.0,100.0,85.0,97.0,Good and Low Stress
165,48,Male,2021-09-02 02:00:00,2021-09-02 10:00:00,8.0,0.95,18,70,10,1.0,,0.0,Yes,3.0,100.0,100.0,85.0,97.0,Good and Low Stress
166,48,Female,2021-01-11 22:00:00,2021-01-11 05:00:00,7.0,0.91,25,55,20,1.0,0.0,5.0,No,4.0,100.0,100.0,85.0,97.0,Good and Low Stress
167,40,Female,2021-06-02 23:00:00,2021-06-02 06:00:00,7.0,0.85,20,70,10,1.0,0.0,0.0,No,3.0,100.0,100.0,85.0,97.0,Good and Low Stress
168,48,Female,2021-05-03 22:00:00,2021-05-03 05:00:00,7.0,0.9,24,60,17,0.0,75.0,0.0,No,4.0,100.0,100.0,100.0,100.0,Good and Low Stress
169,35,Male,2021-05-24 23:00:00,2021-05-24 06:30:00,7.5,0.92,20,62,18,0.0,50.0,1.0,No,3.0,100.0,100.0,100.0,100.0,Good and Low Stress
170,55,Female,2021-12-06 01:30:00,2021-12-06 08:30:00,7.0,0.6,28,25,52,3.0,,0.0,No,1.0,100.0,70.58823529411765,55.0,79.23529411764706,Moderate Risk and Fatigue
171,24,Male,2021-10-20 21:30:00,2021-10-20 05:30:00,8.0,0.89,27,55,18,,0.0,3.0,No,3.0,100.0,100.0,70.0,94.0,Good and Low Stress
172,33,Female,2021-10-06 21:00:00,2021-10-06 04:30:00,7.5,0.67,28,25,52,1.0,50.0,3.0,No,1.0,100.0,78.82352941176471,85.0,88.52941176470588,Good and Low Stress
173,27,Male,2021-07-28 23:00:00,2021-07-28 07:00:00,8.0,0.51,25,20,55,3.0,0.0,0.0,Yes,2.0,100.0,60.0,55.0,75.0,Moderate Risk and Fatigue
174,24,Female,2021-11-11 02:00:00,2021-11-11 08:00:00,6.0,0.78,26,60,16,1.0,0.0,0.0,No,0.0,75.0,91.76470588235294,85.0,83.70588235294119,Moderate Risk and Fatigue
175,48,Female,2021-07-26 22:30:00,2021-07-26 06:30:00,8.0,0.95,20,70,10,1.0,0.0,0.0,No,4.0,100.0,100.0,85.0,97.0,Good and Low Stress
176,42,Male,2021-07-07 22:00:00,2021-07-07 05:00:00,7.0,0.68,18,35,45,2.0,,0.0,No,3.0,100.0,80.0,70.0,86.0,Good and Low Stress
177,62,Female,2021-09-17 02:00:00,2021-09-17 09:30:00,7.5,0.68,22,23,54,3.0,50.0,2.0,No,0.0,100.0,80.0,55.0,83.0,Moderate Risk and Fatigue
178,44,Female,2021-07-04 02:00:00,2021-07-04 09:00:00,7.0,0.94,20,65,13,0.0,50.0,0.0,No,1.0,100.0,100.0,100.0,100.0,Good and Low Stress
179,39,Female,2021-08-08 00:30:00,2021-08-08 08:30:00,8.0,0.78,24,63,18,3.0,25.0,1.0,Yes,0.0,100.0,91.76470588235294,55.0,87.70588235294119,Good and Low Stress
180,53,Male,2021-06-30 23:00:00,2021-06-30 05:00:00,6.0,0.9,22,65,15,1.0,75.0,0.0,No,2.0,75.0,100.0,85.0,87.0,Good and Low Stress
181,37,Male,2021-11-20 02:30:00,2021-11-20 10:00:00,7.5,0.83,24,60,17,2.0,0.0,0.0,Yes,2.0,100.0,97.6470588235294,70.0,93.05882352941177,Good and Low Stress
182,29,Female,2021-11-27 21:30:00,2021-11-27 04:30:00,7.0,0.8,28,60,17,2.0,50.0,0.0,Yes,1.0,100.0,94.11764705882352,70.0,91.64705882352942,Good and Low Stress
183,49,Female,2021-08-08 21:30:00,2021-08-08 05:00:00,7.5,0.96,28,60,15,0.0,0.0,0.0,No,4.0,100.0,100.0,100.0,100.0,Good and Low Stress
184,24,Female,2021-01-18 00:00:00,2021-01-18 08:00:00,8.0,0.91,24,60,17,0.0,0.0,0.0,No,0.0,100.0,100.0,100.0,100.0,Good and Low Stress
185,48,Female,2021-07-14 21:00:00,2021-07-14 04:30:00,7.5,0.96,28,57,21,0.0,25.0,0.0,No,4.0,100.0,100.0,100.0,100.0,Good and Low Stress
186,36,Female,2021-05-25 23:00:00,2021-05-25 06:30:00,7.5,0.94,30,55,20,0.0,50.0,,No,4.0,100.0,100.0,100.0,100.0,Good and Low Stress
187,37,Female,2021-12-10 00:00:00,2021-12-10 07:00:00,7.0,0.63,28,25,52,3.0,,3.0,No,1.0,100.0,74.11764705882354,55.0,80.64705882352942,Moderate Risk and Fatigue
188,27,Male,2021-06-01 00:00:00,2021-06-01 07:00:00,7.0,0.73,18,65,15,4.0,50.0,,No,2.0,100.0,85.88235294117646,40.0,82.35294117647058,Moderate Risk and Fatigue
189,21,Male,2021-09-13 02:30:00,2021-09-13 10:30:00,8.0,0.87,28,63,18,1.0,50.0,0.0,Yes,1.0,100.0,100.0,85.0,97.0,Good and Low Stress
190,52,Female,2021-02-07 01:00:00,2021-02-07 08:00:00,7.0,0.76,18,70,10,4.0,0.0,0.0,No,0.0,100.0,89.41176470588236,40.0,83.76470588235296,Moderate Risk and Fatigue
191,53,Male,2021-10-17 00:00:00,2021-10-17 07:30:00,7.5,0.68,18,30,50,4.0,50.0,4.0,No,2.0,100.0,80.0,40.0,80.0,Moderate Risk and Fatigue
192,27,Female,2021-09-09 22:30:00,2021-09-09 06:30:00,8.0,0.94,25,63,15,1.0,75.0,0.0,Yes,2.0,100.0,100.0,85.0,97.0,Good and Low Stress
193,24,Male,2021-07-14 00:00:00,2021-07-14 07:00:00,7.0,0.95,28,70,15,0.0,0.0,,No,2.0,100.0,100.0,100.0,100.0,Good and Low Stress
194,18,Female,2021-07-30 02:00:00,2021-07-30 09:00:00,7.0,0.62,20,30,48,1.0,25.0,2.0,Yes,0.0,100.0,72.94117647058823,85.0,86.17647058823529,Good and Low Stress
195,44,Female,2021-06-05 21:00:00,2021-06-05 05:00:00,8.0,0.91,20,60,10,1.0,0.0,0.0,No,3.0,100.0,100.0,85.0,97.0,Good and Low Stress
196,61,Female,2021-12-05 02:00:00,2021-12-05 09:00:00,7.0,0.67,22,23,54,2.0,50.0,5.0,No,0.0,100.0,78.82352941176471,70.0,85.52941176470588,Good and Low Stress
197,30,Female,2021-08-05 00:00:00,2021-08-05 08:00:00,8.0,0.94,25,63,15,1.0,75.0,0.0,Yes,2.0,100.0,100.0,85.0,97.0,Good and Low Stress
198,48,Male,2021-01-09 02:30:00,2021-01-09 08:30:00,6.0,0.79,24,60,17,4.0,0.0,0.0,Yes,2.0,75.0,92.94117647058823,40.0,75.1764705882353,Moderate Risk and Fatigue
199,32,Female,2021-12-31 01:30:00,2021-12-31 06:30:00,5.0,0.86,20,65,13,1.0,25.0,1.0,No,0.0,50.0,100.0,85.0,77.0,Moderate Risk and Fatigue
200,52,Male,2021-08-19 22:30:00,2021-08-19 05:30:00,7.0,0.83,22,57,20,1.0,0.0,0.0,Yes,0.0,100.0,97.6470588235294,85.0,96.05882352941177,Good and Low Stress
201,61,Male,2021-06-09 00:00:00,2021-06-09 07:00:00,7.0,0.73,22,57,20,3.0,0.0,4.0,No,0.0,100.0,85.88235294117646,55.0,85.35294117647058,Good and Low Stress
202,64,Female,2021-10-18 02:00:00,2021-10-18 10:00:00,8.0,0.71,22,58,19,2.0,50.0,0.0,No,0.0,100.0,83.52941176470588,70.0,87.41176470588235,Good and Low Stress
203,59,Female,2021-08-05 00:30:00,2021-08-05 06:30:00,6.0,0.87,18,70,10,0.0,25.0,1.0,Yes,0.0,75.0,100.0,100.0,90.0,Good and Low Stress
204,38,Male,2021-07-11 23:00:00,2021-07-11 07:00:00,8.0,0.5,15,30,50,3.0,,3.0,Yes,2.0,100.0,58.82352941176471,55.0,74.52941176470588,Moderate Risk and Fatigue
205,31,Female,2021-03-07 22:30:00,2021-03-07 05:30:00,7.0,0.92,20,60,20,1.0,0.0,3.0,No,4.0,100.0,100.0,85.0,97.0,Good and Low Stress
206,32,Female,2021-12-22 21:30:00,2021-12-22 03:30:00,6.0,0.79,20,65,13,1.0,25.0,1.0,No,0.0,75.0,92.94117647058823,85.0,84.1764705882353,Moderate Risk and Fatigue
207,31,Female,2021-01-22 01:30:00,2021-01-22 08:30:00,7.0,0.98,20,65,13,0.0,25.0,1.0,No,0.0,100.0,100.0,100.0,100.0,Good and Low Stress
208,41,Female,2021-03-15 02:00:00,2021-03-15 09:00:00,7.0,0.93,20,65,13,1.0,50.0,0.0,Yes,0.0,100.0,100.0,85.0,97.0,Good and Low Stress
209,32,Female,2021-03-22 22:00:00,2021-03-22 06:00:00,8.0,0.88,22,65,13,1.0,0.0,0.0,No,2.0,100.0,100.0,85.0,97.0,Good and Low Stress
210,61,Male,2021-02-06 02:00:00,2021-02-06 11:00:00,9.0,0.77,18,70,10,1.0,0.0,0.0,Yes,3.0,100.0,90.58823529411765,85.0,93.23529411764707,Good and Low Stress
211,61,Male,2021-10-20 00:00:00,2021-10-20 07:00:00,7.0,0.86,28,60,17,0.0,0.0,0.0,No,0.0,100.0,100.0,100.0,100.0,Good and Low Stress
212,10,Female,2021-07-15 01:00:00,2021-07-15 08:00:00,7.0,0.54,18,35,45,3.0,0.0,1.0,Yes,0.0,100.0,63.52941176470588,55.0,76.41176470588235,Moderate Risk and Fatigue
213,36,Female,2021-01-31 23:00:00,2021-01-31 06:30:00,7.5,0.8,15,55,20,1.0,50.0,2.0,No,4.0,100.0,94.11764705882352,85.0,94.64705882352942,Good and Low Stress
214,29,Female,2021-10-29 00:00:00,2021-10-29 05:00:00,5.0,0.86,25,63,15,1.0,75.0,0.0,Yes,2.0,50.0,100.0,85.0,77.0,Moderate Risk and Fatigue
215,27,Male,2021-09-25 00:30:00,2021-09-25 08:00:00,7.5,0.61,25,35,43,1.0,25.0,2.0,No,2.0,100.0,71.76470588235294,85.0,85.70588235294117,Good and Low Stress
216,22,Female,2021-05-14 23:00:00,2021-05-14 06:00:00,7.0,0.72,28,60,17,4.0,,5.0,No,1.0,100.0,84.70588235294117,40.0,81.88235294117646,Moderate Risk and Fatigue
217,22,Male,2021-06-15 21:00:00,2021-06-15 03:00:00,6.0,0.72,27,55,18,1.0,0.0,5.0,No,3.0,75.0,84.70588235294117,85.0,80.88235294117646,Moderate Risk and Fatigue
218,40,Female,2021-09-26 00:00:00,2021-09-26 07:30:00,7.5,0.55,28,25,52,4.0,50.0,3.0,Yes,1.0,100.0,64.70588235294117,40.0,73.88235294117646,Moderate Risk and Fatigue
219,56,Female,2021-07-07 01:00:00,2021-07-07 08:00:00,7.0,0.96,28,57,20,1.0,50.0,0.0,No,0.0,100.0,100.0,85.0,97.0,Good and Low Stress
220,13,Female,2021-03-11 01:00:00,2021-03-11 09:00:00,8.0,0.58,18,35,45,1.0,0.0,,Yes,0.0,100.0,68.23529411764704,85.0,84.29411764705881,Moderate Risk and Fatigue
221,37,Female,2021-09-17 21:00:00,2021-09-17 04:00:00,7.0,0.77,28,57,21,4.0,0.0,0.0,No,4.0,100.0,90.58823529411765,40.0,84.23529411764707,Moderate Risk and Fatigue
222,41,Female,2021-12-17 23:00:00,2021-12-17 07:30:00,8.5,0.85,20,65,13,0.0,25.0,1.0,Yes,0.0,100.0,100.0,100.0,100.0,Good and Low Stress
223,52,Male,2021-02-07 00:00:00,2021-02-07 08:00:00,8.0,0.95,25,55,20,0.0,50.0,1.0,No,3.0,100.0,100.0,100.0,100.0,Good and Low Stress
224,63,Female,2021-08-18 02:00:00,2021-08-18 10:30:00,8.5,0.69,22,23,54,3.0,50.0,0.0,No,0.0,100.0,81.17647058823529,55.0,83.47058823529412,Moderate Risk and Fatigue
225,38,Male,2021-02-24 23:00:00,2021-02-24 05:00:00,6.0,0.95,28,65,15,1.0,75.0,1.0,No,4.0,75.0,100.0,85.0,87.0,Good and Low Stress
226,60,Male,2021-09-07 01:00:00,2021-09-07 09:00:00,8.0,0.82,22,57,20,3.0,0.0,3.0,No,3.0,100.0,96.47058823529412,55.0,89.58823529411765,Good and Low Stress
227,29,Female,2021-12-29 22:00:00,2021-12-29 05:30:00,7.5,0.93,25,55,20,0.0,0.0,0.0,No,5.0,100.0,100.0,100.0,100.0,Good and Low Stress
228,29,Female,2021-09-12 21:30:00,2021-09-12 04:30:00,7.0,0.82,20,70,10,1.0,0.0,0.0,No,2.0,100.0,96.47058823529412,85.0,95.58823529411765,Good and Low Stress
229,30,Female,2021-09-28 00:00:00,2021-09-28 08:00:00,8.0,0.94,24,60,17,0.0,25.0,0.0,No,0.0,100.0,100.0,100.0,100.0,Good and Low Stress
230,26,Male,2021-03-04 22:30:00,2021-03-04 05:30:00,7.0,0.75,24,55,20,4.0,0.0,0.0,No,3.0,100.0,88.23529411764706,40.0,83.29411764705883,Moderate Risk and Fatigue
231,32,Male,2021-10-21 01:30:00,2021-10-21 09:00:00,7.5,0.91,22,57,20,0.0,50.0,0.0,No,1.0,100.0,100.0,100.0,100.0,Good and Low Stress
232,55,Male,2021-04-28 23:00:00,2021-04-28 07:00:00,8.0,0.65,27,20,53,1.0,0.0,0.0,Yes,3.0,100.0,76.47058823529412,85.0,87.58823529411765,Good and Low Stress
233,36,Female,2021-03-06 23:00:00,2021-03-06 04:00:00,5.0,0.87,20,65,13,1.0,25.0,1.0,No,0.0,50.0,100.0,85.0,77.0,Moderate Risk and Fatigue
234,53,Male,2021-09-23 01:30:00,2021-09-23 09:30:00,8.0,0.84,20,65,13,4.0,25.0,0.0,Yes,1.0,100.0,98.82352941176471,40.0,87.52941176470588,Good and Low Stress
235,18,Female,2021-07-26 01:00:00,2021-07-26 10:00:00,9.0,0.85,28,57,20,1.0,50.0,1.0,Yes,0.0,100.0,100.0,85.0,97.0,Good and Low Stress
236,28,Female,2021-02-02 21:00:00,2021-02-02 04:00:00,7.0,0.91,28,60,17,1.0,50.0,0.0,No,1.0,100.0,100.0,85.0,97.0,Good and Low Stress
237,58,Male,2021-12-15 21:30:00,2021-12-15 05:00:00,7.5,0.71,22,57,20,1.0,0.0,3.0,No,0.0,100.0,83.52941176470588,85.0,90.41176470588235,Good and Low Stress
238,51,Male,2021-04-29 01:30:00,2021-04-29 09:00:00,7.5,0.82,20,65,13,2.0,25.0,0.0,Yes,1.0,100.0,96.47058823529412,70.0,92.58823529411765,Good and Low Stress
239,37,Female,2021-02-13 01:30:00,2021-02-13 10:00:00,8.5,0.77,20,65,13,4.0,25.0,1.0,No,0.0,100.0,90.58823529411765,40.0,84.23529411764707,Moderate Risk and Fatigue
240,41,Male,2021-02-27 22:00:00,2021-02-27 06:00:00,8.0,0.95,18,70,10,0.0,0.0,0.0,Yes,3.0,100.0,100.0,100.0,100.0,Good and Low Stress
241,32,Male,2021-07-23 22:30:00,2021-07-23 05:30:00,7.0,0.95,28,60,22,0.0,0.0,0.0,No,4.0,100.0,100.0,100.0,100.0,Good and Low Stress
242,56,Male,2021-03-07 00:30:00,2021-03-07 09:00:00,8.5,0.76,26,63,18,3.0,0.0,0.0,Yes,1.0,100.0,89.41176470588236,55.0,86.76470588235296,Good and Low Stress
243,43,Female,2021-08-17 02:30:00,2021-08-17 10:30:00,8.0,0.85,28,60,17,0.0,50.0,0.0,No,1.0,100.0,100.0,100.0,100.0,Good and Low Stress
244,52,Male,2021-09-14 00:00:00,2021-09-14 07:00:00,7.0,0.75,24,60,17,4.0,75.0,0.0,No,3.0,100.0,88.23529411764706,40.0,83.29411764705883,Moderate Risk and Fatigue
245,37,Female,2021-01-08 22:00:00,2021-01-08 05:00:00,7.0,0.92,24,60,17,,0.0,0.0,No,4.0,100.0,100.0,70.0,94.0,Good and Low Stress
246,67,Male,2021-02-06 01:00:00,2021-02-06 09:30:00,8.5,0.78,26,60,16,3.0,0.0,3.0,No,3.0,100.0,91.76470588235294,55.0,87.70588235294119,Good and Low Stress
247,36,Female,2021-09-03 22:00:00,2021-09-03 06:30:00,8.5,0.91,20,65,13,1.0,25.0,1.0,Yes,0.0,100.0,100.0,85.0,97.0,Good and Low Stress
248,29,Female,2021-09-01 22:00:00,2021-09-01 06:00:00,8.0,0.85,18,55,20,0.0,0.0,0.0,No,5.0,100.0,100.0,100.0,100.0,Good and Low Stress
249,25,Male,2021-10-20 00:00:00,2021-10-20 07:30:00,7.5,0.95,24,63,18,0.0,0.0,0.0,Yes,0.0,100.0,100.0,100.0,100.0,Good and Low Stress
250,61,Male,2021-04-04 00:30:00,2021-04-04 10:30:00,10.0,0.66,26,28,53,,0.0,4.0,No,1.0,75.0,77.64705882352942,70.0,75.05882352941177,Moderate Risk and Fatigue
251,29,Female,2021-03-31 21:30:00,2021-03-31 04:30:00,7.0,0.63,18,30,50,2.0,50.0,2.0,No,2.0,100.0,74.11764705882354,70.0,83.64705882352942,Moderate Risk and Fatigue
252,31,Male,2021-06-26 00:30:00,2021-06-26 09:00:00,8.5,0.86,28,57,20,0.0,50.0,0.0,Yes,1.0,100.0,100.0,100.0,100.0,Good and Low Stress
253,23,Female,2021-06-23 02:30:00,2021-06-23 09:30:00,7.0,0.54,18,35,45,1.0,50.0,5.0,Yes,1.0,100.0,63.52941176470588,85.0,82.41176470588235,Moderate Risk and Fatigue
254,46,Female,2021-06-01 21:00:00,2021-06-01 03:00:00,6.0,0.95,30,60,10,0.0,0.0,0.0,No,3.0,75.0,100.0,100.0,90.0,Good and Low Stress
255,47,Female,2021-03-23 01:30:00,2021-03-23 08:30:00,7.0,0.72,20,65,13,3.0,50.0,5.0,No,1.0,100.0,84.70588235294117,55.0,84.88235294117646,Moderate Risk and Fatigue
256,65,Female,2021-06-23 02:00:00,2021-06-23 09:00:00,7.0,0.52,20,30,48,2.0,50.0,0.0,Yes,0.0,100.0,61.1764705882353,70.0,78.47058823529412,Moderate Risk and Fatigue
257,35,Female,2021-04-22 00:00:00,2021-04-22 07:00:00,7.0,0.93,20,65,13,0.0,25.0,1.0,No,0.0,100.0,100.0,100.0,100.0,Good and Low Stress
258,27,Female,2021-05-31 22:00:00,2021-05-31 06:00:00,8.0,0.52,15,22,56,1.0,25.0,5.0,Yes,5.0,100.0,61.1764705882353,85.0,81.47058823529412,Moderate Risk and Fatigue
259,54,Male,2021-10-21 22:00:00,2021-10-21 06:00:00,8.0,0.61,18,35,45,1.0,0.0,0.0,Yes,3.0,100.0,71.76470588235294,85.0,85.70588235294117,Good and Low Stress
260,48,Female,2021-06-18 21:30:00,2021-06-18 05:00:00,7.5,0.79,18,65,15,2.0,0.0,0.0,No,4.0,100.0,92.94117647058823,70.0,91.1764705882353,Good and Low Stress
261,46,Male,2021-08-20 22:00:00,2021-08-20 05:00:00,7.0,0.94,27,55,18,0.0,0.0,3.0,Yes,3.0,100.0,100.0,100.0,100.0,Good and Low Stress
262,37,Female,2021-12-17 22:00:00,2021-12-17 05:00:00,7.0,0.76,28,57,21,1.0,25.0,0.0,No,4.0,100.0,89.41176470588236,85.0,92.76470588235296,Good and Low Stress
263,31,Female,2021-11-08 21:00:00,2021-11-08 06:00:00,9.0,0.76,28,60,17,4.0,50.0,0.0,No,,100.0,89.41176470588236,40.0,83.76470588235296,Moderate Risk and Fatigue
264,23,Female,2021-04-17 00:00:00,2021-04-17 09:00:00,9.0,0.78,26,63,18,1.0,25.0,0.0,No,1.0,100.0,91.76470588235294,85.0,93.70588235294119,Good and Low Stress
265,48,Female,2021-05-30 22:00:00,2021-05-30 05:00:00,7.0,0.94,25,57,21,0.0,50.0,0.0,No,3.0,100.0,100.0,100.0,100.0,Good and Low Stress
266,44,Male,2021-06-21 02:00:00,2021-06-21 09:30:00,7.5,0.87,18,70,10,0.0,0.0,0.0,Yes,3.0,100.0,100.0,100.0,100.0,Good and Low Stress
267,24,Male,2021-05-18 00:00:00,2021-05-18 07:00:00,7.0,0.55,20,30,48,3.0,0.0,3.0,Yes,0.0,100.0,64.70588235294117,55.0,76.88235294117646,Moderate Risk and Fatigue
268,30,Female,2021-10-26 22:30:00,2021-10-26 06:30:00,8.0,0.93,20,60,20,1.0,0.0,3.0,No,4.0,100.0,100.0,85.0,97.0,Good and Low Stress
269,45,Male,2021-11-30 01:00:00,2021-11-30 09:30:00,8.5,0.93,20,65,13,1.0,0.0,3.0,No,3.0,100.0,100.0,85.0,97.0,Good and Low Stress
270,27,Male,2021-10-05 00:00:00,2021-10-05 07:00:00,7.0,0.94,28,57,21,0.0,25.0,0.0,No,2.0,100.0,100.0,100.0,100.0,Good and Low Stress
271,44,Female,2021-11-03 00:00:00,2021-11-03 08:00:00,8.0,0.78,24,60,17,1.0,,0.0,No,0.0,100.0,91.76470588235294,85.0,93.70588235294119,Good and Low Stress
272,50,Female,2021-10-12 21:30:00,2021-10-12 04:30:00,7.0,0.94,28,55,17,1.0,0.0,0.0,No,3.0,100.0,100.0,85.0,97.0,Good and Low Stress
273,58,Male,2021-02-13 01:00:00,2021-02-13 10:00:00,9.0,0.5,27,20,53,2.0,0.0,3.0,Yes,3.0,100.0,58.82352941176471,70.0,77.52941176470588,Moderate Risk and Fatigue
274,49,Male,2021-12-19 00:30:00,2021-12-19 07:30:00,7.0,0.93,28,57,20,0.0,50.0,0.0,Yes,3.0,100.0,100.0,100.0,100.0,Good and Low Stress
275,46,Male,2021-06-21 22:00:00,2021-06-21 05:00:00,7.0,0.73,22,57,20,4.0,0.0,5.0,No,0.0,100.0,85.88235294117646,40.0,82.35294117647058,Moderate Risk and Fatigue
276,27,Female,2021-05-27 23:00:00,2021-05-27 06:00:00,7.0,0.9,21,60,17,0.0,50.0,4.0,No,1.0,100.0,100.0,100.0,100.0,Good and Low Stress
277,37,Female,2021-02-03 22:00:00,2021-02-03 06:00:00,8.0,0.87,18,65,15,0.0,50.0,1.0,No,4.0,100.0,100.0,100.0,100.0,Good and Low Stress
278,48,Female,2021-04-17 21:30:00,2021-04-17 05:30:00,8.0,0.93,25,60,15,0.0,25.0,0.0,No,4.0,100.0,100.0,100.0,100.0,Good and Low Stress
279,42,Female,2021-08-26 02:30:00,2021-08-26 10:30:00,8.0,0.9,28,58,19,0.0,50.0,0.0,No,1.0,100.0,100.0,100.0,100.0,Good and Low Stress
280,48,Female,2021-02-07 22:00:00,2021-02-07 05:00:00,7.0,0.67,20,27,53,1.0,0.0,2.0,No,4.0,100.0,78.82352941176471,85.0,88.52941176470588,Good and Low Stress
281,25,Female,2021-11-28 00:00:00,2021-11-28 07:30:00,7.5,0.9,28,60,17,1.0,50.0,0.0,Yes,1.0,100.0,100.0,85.0,97.0,Good and Low Stress
282,64,Male,2021-02-14 02:00:00,2021-02-14 09:30:00,7.5,0.9,26,60,16,1.0,0.0,0.0,Yes,3.0,100.0,100.0,85.0,97.0,Good and Low Stress
283,53,Male,2021-12-31 21:00:00,2021-12-31 04:00:00,7.0,0.98,24,60,17,1.0,75.0,0.0,No,2.0,100.0,100.0,85.0,97.0,Good and Low Stress
284,38,Female,2021-01-13 23:00:00,2021-01-13 07:30:00,8.5,0.66,20,30,48,4.0,25.0,2.0,No,0.0,100.0,77.64705882352942,40.0,79.05882352941177,Moderate Risk and Fatigue
285,17,Female,2021-12-08 02:00:00,2021-12-08 09:00:00,7.0,0.68,22,23,54,3.0,50.0,0.0,No,0.0,100.0,80.0,55.0,83.0,Moderate Risk and Fatigue
286,27,Male,2021-02-21 23:00:00,2021-02-21 05:00:00,6.0,0.56,20,35,45,3.0,0.0,5.0,Yes,2.0,75.0,65.88235294117648,55.0,67.3529411764706,High Risk and Poor Mental Health
287,50,Male,2021-11-25 22:00:00,2021-11-25 06:00:00,8.0,0.62,18,35,45,1.0,0.0,2.0,Yes,3.0,100.0,72.94117647058823,85.0,86.17647058823529,Good and Low Stress
288,40,Female,2021-01-06 21:30:00,2021-01-06 05:00:00,7.5,0.52,24,25,52,,75.0,2.0,Yes,3.0,100.0,61.1764705882353,70.0,78.47058823529412,Moderate Risk and Fatigue
289,34,Female,2021-09-13 23:00:00,2021-09-13 06:00:00,7.0,0.96,20,65,13,,25.0,1.0,No,0.0,100.0,100.0,70.0,94.0,Good and Low Stress
290,26,Female,2021-06-08 22:00:00,2021-06-08 05:00:00,7.0,0.81,28,60,17,2.0,50.0,0.0,No,1.0,100.0,95.29411764705881,70.0,92.11764705882354,Good and Low Stress
291,54,Male,2021-01-20 22:30:00,2021-01-20 06:30:00,8.0,0.84,15,60,22,3.0,0.0,0.0,No,3.0,100.0,98.82352941176471,55.0,90.52941176470588,Good and Low Stress
292,46,Female,2021-03-28 21:30:00,2021-03-28 05:00:00,7.5,0.93,25,60,15,1.0,0.0,0.0,No,3.0,100.0,100.0,85.0,97.0,Good and Low Stress
293,38,Female,2021-11-06 22:00:00,2021-11-06 04:00:00,6.0,0.87,20,70,10,0.0,0.0,0.0,No,4.0,75.0,100.0,100.0,90.0,Good and Low Stress
294,24,Female,2021-04-01 22:00:00,2021-04-01 05:00:00,7.0,0.86,25,60,17,0.0,25.0,0.0,No,0.0,100.0,100.0,100.0,100.0,Good and Low Stress
295,38,Male,2021-03-12 23:00:00,2021-03-12 06:00:00,7.0,0.89,20,65,15,0.0,75.0,1.0,No,4.0,100.0,100.0,100.0,100.0,Good and Low Stress
296,29,Female,2021-10-09 01:00:00,2021-10-09 09:00:00,8.0,0.94,24,60,17,0.0,0.0,0.0,No,2.0,100.0,100.0,100.0,100.0,Good and Low Stress
297,51,Male,2021-11-06 00:00:00,2021-11-06 07:00:00,7.0,0.84,22,57,20,2.0,0.0,0.0,No,0.0,100.0,98.82352941176471,70.0,93.52941176470588,Good and Low Stress
298,27,Female,2021-01-11 00:30:00,2021-01-11 08:30:00,8.0,0.86,20,65,13,1.0,25.0,1.0,Yes,0.0,100.0,100.0,85.0,97.0,Good and Low Stress
299,35,Female,2021-08-11 23:00:00,2021-08-11 07:30:00,8.5,0.75,20,65,13,2.0,25.0,1.0,Yes,0.0,100.0,88.23529411764706,70.0,89.29411764705883,Good and Low Stress
300,22,Male,2021-04-24 21:30:00,2021-04-24 05:30:00,8.0,0.6,27,20,53,4.0,0.0,4.0,No,3.0,100.0,70.58823529411765,40.0,76.23529411764706,Moderate Risk and Fatigue
301,47,Female,2021-10-09 22:30:00,2021-10-09 05:30:00,7.0,0.93,20,55,20,0.0,0.0,3.0,No,4.0,100.0,100.0,100.0,100.0,Good and Low Stress
302,25,Female,2021-12-29 00:00:00,2021-12-29 08:30:00,8.5,0.75,26,63,18,2.0,25.0,0.0,No,1.0,100.0,88.23529411764706,70.0,89.29411764705883,Good and Low Stress
303,25,Male,2021-05-15 00:00:00,2021-05-15 07:00:00,7.0,0.81,25,55,20,4.0,0.0,5.0,No,3.0,100.0,95.29411764705881,40.0,86.11764705882354,Good and Low Stress
304,51,Male,2021-01-08 02:30:00,2021-01-08 12:30:00,10.0,0.78,24,60,17,2.0,0.0,0.0,Yes,2.0,75.0,91.76470588235294,70.0,80.70588235294119,Moderate Risk and Fatigue
305,25,Male,2021-05-01 00:00:00,2021-05-01 08:00:00,8.0,0.84,15,70,15,4.0,0.0,4.0,No,,100.0,98.82352941176471,40.0,87.52941176470588,Good and Low Stress
306,65,Male,2021-11-21 00:30:00,2021-11-21 05:30:00,5.0,0.9,24,60,17,1.0,0.0,0.0,No,1.0,50.0,100.0,85.0,77.0,Moderate Risk and Fatigue
307,27,Male,2021-07-16 21:00:00,2021-07-16 03:00:00,6.0,0.9,24,60,17,1.0,0.0,5.0,Yes,2.0,75.0,100.0,85.0,87.0,Good and Low Stress
308,41,Female,2021-11-29 00:30:00,2021-11-29 09:30:00,9.0,0.67,26,25,51,,25.0,1.0,Yes,0.0,100.0,78.82352941176471,70.0,85.52941176470588,Good and Low Stress
309,56,Female,2021-10-16 01:00:00,2021-10-16 08:00:00,7.0,0.93,20,65,15,1.0,0.0,5.0,No,3.0,100.0,100.0,85.0,97.0,Good and Low Stress
310,28,Female,2021-12-21 21:00:00,2021-12-21 04:30:00,7.5,0.8,28,60,17,2.0,50.0,0.0,No,1.0,100.0,94.11764705882352,70.0,91.64705882352942,Good and Low Stress
311,33,Female,2021-09-26 23:00:00,2021-09-26 09:00:00,10.0,0.63,20,30,48,4.0,25.0,1.0,No,0.0,75.0,74.11764705882354,40.0,67.64705882352942,High Risk and Poor Mental Health
312,22,Female,2021-07-19 22:00:00,2021-07-19 05:00:00,7.0,0.9,25,60,15,1.0,0.0,0.0,No,4.0,100.0,100.0,85.0,97.0,Good and Low Stress
313,50,Male,2021-12-12 01:00:00,2021-12-12 10:00:00,9.0,0.9,27,55,18,1.0,0.0,3.0,No,3.0,100.0,100.0,85.0,97.0,Good and Low Stress
314,25,Male,2021-12-04 23:00:00,2021-12-04 06:00:00,7.0,0.86,18,70,10,1.0,25.0,0.0,No,2.0,100.0,100.0,85.0,97.0,Good and Low Stress
315,54,Male,2021-03-25 22:30:00,2021-03-25 05:30:00,7.0,0.51,22,22,55,4.0,0.0,0.0,Yes,0.0,100.0,60.0,40.0,72.0,Moderate Risk and Fatigue
316,40,Female,2021-03-10 22:00:00,2021-03-10 06:00:00,8.0,0.71,25,55,20,,0.0,0.0,No,3.0,100.0,83.52941176470588,70.0,87.41176470588235,Good and Low Stress
317,58,Male,2021-04-19 00:00:00,2021-04-19 07:30:00,7.5,0.87,22,57,20,1.0,0.0,0.0,No,0.0,100.0,100.0,85.0,97.0,Good and Low Stress
318,45,Male,2021-11-22 21:00:00,2021-11-22 04:30:00,7.5,0.7,22,57,20,1.0,0.0,5.0,No,0.0,100.0,82.35294117647058,85.0,89.94117647058823,Good and Low Stress
319,55,Male,2021-03-30 00:00:00,2021-03-30 08:00:00,8.0,0.85,22,57,20,1.0,0.0,0.0,No,0.0,100.0,100.0,85.0,97.0,Good and Low Stress
320,54,Male,2021-08-27 00:00:00,2021-08-27 07:00:00,7.0,0.87,18,70,15,1.0,0.0,4.0,No,2.0,100.0,100.0,85.0,97.0,Good and Low Stress
321,60,Male,2021-06-19 23:00:00,2021-06-19 06:00:00,7.0,0.6,27,20,53,1.0,0.0,2.0,Yes,3.0,100.0,70.58823529411765,85.0,85.23529411764706,Good and Low Stress
322,25,Male,2021-09-11 23:00:00,2021-09-11 06:30:00,7.5,0.83,24,60,17,2.0,,0.0,No,3.0,100.0,97.6470588235294,70.0,93.05882352941177,Good and Low Stress
323,30,Female,2021-09-17 21:00:00,2021-09-17 04:30:00,7.5,0.8,28,60,17,3.0,50.0,0.0,Yes,1.0,100.0,94.11764705882352,55.0,88.64705882352942,Good and Low Stress
324,41,Male,2021-12-29 00:00:00,2021-12-29 07:30:00,7.5,0.93,22,57,20,0.0,0.0,0.0,No,0.0,100.0,100.0,100.0,100.0,Good and Low Stress
325,44,Female,2021-03-08 01:30:00,2021-03-08 07:30:00,6.0,0.75,18,70,10,4.0,,0.0,No,1.0,75.0,88.23529411764706,40.0,73.29411764705883,Moderate Risk and Fatigue
326,52,Female,2021-07-30 01:00:00,2021-07-30 08:00:00,7.0,0.5,28,22,55,4.0,0.0,4.0,Yes,0.0,100.0,58.82352941176471,40.0,71.52941176470588,Moderate Risk and Fatigue
327,29,Female,2021-12-11 00:00:00,2021-12-11 07:30:00,7.5,0.5,25,28,50,1.0,75.0,1.0,Yes,2.0,100.0,58.82352941176471,85.0,80.52941176470588,Moderate Risk and Fatigue
328,44,Female,2021-10-26 23:00:00,2021-10-26 06:30:00,7.5,0.67,28,25,52,,50.0,1.0,No,1.0,100.0,78.82352941176471,70.0,85.52941176470588,Good and Low Stress
329,42,Female,2021-09-30 22:00:00,2021-09-30 06:00:00,8.0,0.96,20,65,13,1.0,25.0,1.0,No,0.0,100.0,100.0,85.0,97.0,Good and Low Stress
330,26,Female,2021-05-21 00:00:00,2021-05-21 07:30:00,7.5,0.52,28,25,52,4.0,50.0,2.0,Yes,1.0,100.0,61.1764705882353,40.0,72.47058823529412,Moderate Risk and Fatigue
331,49,Male,2021-05-21 22:30:00,2021-05-21 04:00:00,5.5,0.68,22,22,55,2.0,0.0,0.0,No,0.0,62.5,80.0,70.0,71.0,Moderate Risk and Fatigue
332,46,Male,2021-04-28 21:30:00,2021-04-28 05:30:00,8.0,0.72,18,70,10,3.0,0.0,0.0,Yes,3.0,100.0,84.70588235294117,55.0,84.88235294117646,Moderate Risk and Fatigue
333,12,Female,2021-11-01 01:00:00,2021-11-01 10:00:00,9.0,0.56,18,35,45,1.0,0.0,2.0,Yes,0.0,100.0,65.88235294117648,85.0,83.3529411764706,Moderate Risk and Fatigue
334,27,Female,2021-01-23 22:00:00,2021-01-23 05:30:00,7.5,0.91,22,57,21,0.0,25.0,0.0,No,5.0,100.0,100.0,100.0,100.0,Good and Low Stress
335,39,Female,2021-11-07 23:00:00,2021-11-07 07:30:00,8.5,0.85,20,65,13,0.0,25.0,1.0,Yes,0.0,100.0,100.0,100.0,100.0,Good and Low Stress
336,44,Female,2021-10-26 00:30:00,2021-10-26 10:30:00,10.0,0.72,28,60,17,3.0,50.0,4.0,Yes,1.0,75.0,84.70588235294117,55.0,74.88235294117646,Moderate Risk and Fatigue
337,50,Female,2021-07-20 22:00:00,2021-07-20 05:00:00,7.0,0.9,22,55,20,1.0,0.0,,No,5.0,100.0,100.0,85.0,97.0,Good and Low Stress
338,52,Male,2021-07-05 22:30:00,2021-07-05 06:30:00,8.0,0.77,18,65,15,,50.0,1.0,No,3.0,100.0,90.58823529411765,70.0,90.23529411764707,Good and Low Stress
339,44,Male,2021-11-10 02:30:00,2021-11-10 12:30:00,10.0,0.89,22,58,19,1.0,0.0,0.0,No,3.0,75.0,100.0,85.0,87.0,Good and Low Stress
340,57,Male,2021-08-09 22:00:00,2021-08-09 03:30:00,5.5,0.9,22,57,20,0.0,0.0,0.0,No,0.0,62.5,100.0,100.0,85.0,Good and Low Stress
341,53,Male,2021-06-11 22:30:00,2021-06-11 05:30:00,7.0,0.85,18,65,15,1.0,75.0,0.0,No,2.0,100.0,100.0,85.0,97.0,Good and Low Stress
342,65,Female,2021-03-18 00:00:00,2021-03-18 08:00:00,8.0,0.95,24,60,17,0.0,0.0,0.0,No,0.0,100.0,100.0,100.0,100.0,Good and Low Stress
343,41,Female,2021-08-17 01:00:00,2021-08-17 09:00:00,8.0,0.51,26,28,53,4.0,50.0,5.0,Yes,0.0,100.0,60.0,40.0,72.0,Moderate Risk and Fatigue
344,52,Female,2021-11-01 02:30:00,2021-11-01 09:30:00,7.0,0.9,22,55,18,0.0,50.0,0.0,No,1.0,100.0,100.0,100.0,100.0,Good and Low Stress
345,53,Male,2021-03-26 21:30:00,2021-03-26 06:30:00,9.0,0.9,27,55,18,1.0,0.0,3.0,No,3.0,100.0,100.0,85.0,97.0,Good and Low Stress
346,25,Male,2021-03-09 00:00:00,2021-03-09 07:00:00,7.0,0.51,28,22,56,1.0,50.0,2.0,Yes,3.0,100.0,60.0,85.0,81.0,Moderate Risk and Fatigue
347,51,Male,2021-03-01 22:30:00,2021-03-01 05:30:00,7.0,0.84,15,62,18,1.0,0.0,0.0,No,4.0,100.0,98.82352941176471,85.0,96.52941176470588,Good and Low Stress
348,30,Male,2021-09-19 00:00:00,2021-09-19 08:00:00,8.0,0.82,18,75,7,3.0,0.0,4.0,No,2.0,100.0,96.47058823529412,55.0,89.58823529411765,Good and Low Stress
349,57,Male,2021-04-17 01:30:00,2021-04-17 08:30:00,7.0,0.88,20,65,13,0.0,25.0,0.0,Yes,1.0,100.0,100.0,100.0,100.0,Good and Low Stress
350,24,Female,2021-12-04 21:30:00,2021-12-04 05:00:00,7.5,0.79,28,60,17,1.0,50.0,0.0,Yes,1.0,100.0,92.94117647058823,85.0,94.1764705882353,Good and Low Stress
351,24,Male,2021-07-18 21:30:00,2021-07-18 04:30:00,7.0,0.64,27,20,53,4.0,0.0,1.0,No,3.0,100.0,75.29411764705883,40.0,78.11764705882354,Moderate Risk and Fatigue
352,19,Female,2021-01-07 00:00:00,2021-01-07 07:30:00,7.5,0.84,26,63,18,4.0,25.0,0.0,No,1.0,100.0,98.82352941176471,40.0,87.52941176470588,Good and Low Stress
353,52,Male,2021-10-06 21:00:00,2021-10-06 05:00:00,8.0,0.86,25,55,20,,0.0,5.0,No,3.0,100.0,100.0,70.0,94.0,Good and Low Stress
354,45,Male,2021-12-17 22:00:00,2021-12-17 05:30:00,7.5,0.71,25,57,20,4.0,0.0,2.0,No,0.0,100.0,83.52941176470588,40.0,81.41176470588235,Moderate Risk and Fatigue
355,29,Female,2021-06-08 22:00:00,2021-06-08 05:00:00,7.0,0.9,25,55,20,1.0,0.0,5.0,Yes,2.0,100.0,100.0,85.0,97.0,Good and Low Stress
356,39,Male,2021-10-26 02:30:00,2021-10-26 09:30:00,7.0,0.82,24,60,17,3.0,,0.0,Yes,2.0,100.0,96.47058823529412,55.0,89.58823529411765,Good and Low Stress
357,51,Male,2021-07-17 22:30:00,2021-07-17 06:30:00,8.0,0.95,28,62,18,0.0,0.0,0.0,No,4.0,100.0,100.0,100.0,100.0,Good and Low Stress
358,27,Female,2021-06-04 00:00:00,2021-06-04 09:00:00,9.0,0.95,25,63,15,0.0,75.0,0.0,Yes,2.0,100.0,100.0,100.0,100.0,Good and Low Stress
359,41,Male,2021-11-17 22:00:00,2021-11-17 05:00:00,7.0,0.54,18,35,45,1.0,0.0,2.0,Yes,3.0,100.0,63.52941176470588,85.0,82.41176470588235,Moderate Risk and Fatigue
360,65,Female,2021-03-11 01:00:00,2021-03-11 10:00:00,9.0,0.95,28,57,20,0.0,0.0,0.0,No,0.0,100.0,100.0,100.0,100.0,Good and Low Stress
361,56,Female,2021-11-08 00:00:00,2021-11-08 09:00:00,9.0,0.53,24,25,52,2.0,25.0,4.0,Yes,0.0,100.0,62.35294117647059,70.0,78.94117647058823,Moderate Risk and Fatigue
362,27,Female,2021-07-03 00:00:00,2021-07-03 06:00:00,6.0,0.92,25,63,15,0.0,75.0,0.0,Yes,2.0,75.0,100.0,100.0,90.0,Good and Low Stress
363,28,Male,2021-02-26 23:00:00,2021-02-26 06:30:00,7.5,0.85,22,63,18,1.0,0.0,0.0,No,1.0,100.0,100.0,85.0,97.0,Good and Low Stress
364,30,Female,2021-11-06 01:30:00,2021-11-06 11:30:00,10.0,0.92,20,65,13,0.0,25.0,1.0,No,0.0,75.0,100.0,100.0,90.0,Good and Low Stress
365,37,Male,2021-09-07 00:30:00,2021-09-07 08:30:00,8.0,0.53,30,20,45,1.0,0.0,0.0,Yes,3.0,100.0,62.35294117647059,85.0,81.94117647058823,Moderate Risk and Fatigue
366,22,Female,2021-05-19 01:30:00,2021-05-19 08:30:00,7.0,0.75,26,60,16,4.0,50.0,0.0,No,1.0,100.0,88.23529411764706,40.0,83.29411764705883,Moderate Risk and Fatigue
367,52,Male,2021-10-13 23:00:00,2021-10-13 07:00:00,8.0,0.82,20,70,10,3.0,75.0,0.0,No,,100.0,96.47058823529412,55.0,89.58823529411765,Good and Low Stress
368,56,Male,2021-08-03 02:30:00,2021-08-03 07:30:00,5.0,0.74,22,58,19,1.0,0.0,0.0,Yes,3.0,50.0,87.05882352941177,85.0,71.82352941176471,Moderate Risk and Fatigue
369,56,Male,2021-06-18 01:30:00,2021-06-18 09:00:00,7.5,0.87,20,65,13,0.0,25.0,0.0,Yes,1.0,100.0,100.0,100.0,100.0,Good and Low Stress
370,41,Male,2021-05-08 01:30:00,2021-05-08 07:30:00,6.0,0.72,18,70,10,2.0,25.0,1.0,No,1.0,75.0,84.70588235294117,70.0,77.88235294117646,Moderate Risk and Fatigue
371,40,Female,2021-09-21 22:00:00,2021-09-21 05:00:00,7.0,0.87,18,65,15,1.0,50.0,1.0,No,3.0,100.0,100.0,85.0,97.0,Good and Low Stress
372,32,Female,2021-02-21 02:30:00,2021-02-21 09:30:00,7.0,0.53,18,35,45,2.0,50.0,2.0,Yes,1.0,100.0,62.35294117647059,70.0,78.94117647058823,Moderate Risk and Fatigue
373,29,Female,2021-02-24 22:00:00,2021-02-24 06:00:00,8.0,0.72,25,55,20,3.0,25.0,1.0,No,2.0,100.0,84.70588235294117,55.0,84.88235294117646,Moderate Risk and Fatigue
374,39,Male,2021-10-11 23:00:00,2021-10-11 07:00:00,8.0,0.87,18,70,10,1.0,0.0,0.0,Yes,3.0,100.0,100.0,85.0,97.0,Good and Low Stress
375,65,Male,2021-08-13 01:30:00,2021-08-13 09:00:00,7.5,0.66,18,35,45,4.0,25.0,1.0,No,1.0,100.0,77.64705882352942,40.0,79.05882352941177,Moderate Risk and Fatigue
376,60,Female,2021-01-26 02:00:00,2021-01-26 11:00:00,9.0,0.66,22,23,54,2.0,50.0,3.0,No,0.0,100.0,77.64705882352942,70.0,85.05882352941177,Good and Low Stress
377,48,Male,2021-03-19 22:30:00,2021-03-19 06:30:00,8.0,0.72,22,57,20,1.0,0.0,2.0,No,0.0,100.0,84.70588235294117,85.0,90.88235294117646,Good and Low Stress
378,21,Female,2021-04-14 00:00:00,2021-04-14 08:00:00,8.0,0.81,26,63,18,4.0,25.0,0.0,No,1.0,100.0,95.29411764705881,40.0,86.11764705882354,Good and Low Stress
379,25,Male,2021-02-15 00:00:00,2021-02-15 07:00:00,7.0,0.88,18,75,10,0.0,0.0,5.0,No,2.0,100.0,100.0,100.0,100.0,Good and Low Stress
380,61,Male,2021-07-31 22:00:00,2021-07-31 05:00:00,7.0,0.94,27,55,18,1.0,0.0,3.0,No,3.0,100.0,100.0,85.0,97.0,Good and Low Stress
381,35,Female,2021-02-10 21:30:00,2021-02-10 04:30:00,7.0,0.83,20,65,13,1.0,25.0,1.0,No,0.0,100.0,97.6470588235294,85.0,96.05882352941177,Good and Low Stress
382,22,Male,2021-04-16 23:00:00,2021-04-16 06:00:00,7.0,0.91,25,65,17,1.0,75.0,1.0,No,4.0,100.0,100.0,85.0,97.0,Good and Low Stress
383,40,Male,2021-06-11 21:00:00,2021-06-11 04:30:00,7.5,0.95,25,57,18,1.0,0.0,0.0,No,3.0,100.0,100.0,85.0,97.0,Good and Low Stress
384,39,Male,2021-02-26 22:00:00,2021-02-26 07:00:00,9.0,0.9,18,70,10,1.0,0.0,0.0,Yes,3.0,100.0,100.0,85.0,97.0,Good and Low Stress
385,40,Male,2021-09-25 21:00:00,2021-09-25 04:00:00,7.0,0.95,18,70,10,1.0,0.0,0.0,Yes,3.0,100.0,100.0,85.0,97.0,Good and Low Stress
386,32,Female,2021-10-11 00:00:00,2021-10-11 08:00:00,8.0,0.9,24,60,17,1.0,0.0,0.0,No,0.0,100.0,100.0,85.0,97.0,Good and Low Stress
387,62,Female,2021-07-29 02:30:00,2021-07-29 09:30:00,7.0,0.62,18,35,45,4.0,50.0,5.0,No,1.0,100.0,72.94117647058823,40.0,77.17647058823529,Moderate Risk and Fatigue
388,48,Female,2021-07-14 21:00:00,2021-07-14 04:00:00,7.0,0.93,20,60,10,1.0,0.0,0.0,No,3.0,100.0,100.0,85.0,97.0,Good and Low Stress
389,22,Female,2021-09-05 00:00:00,2021-09-05 08:00:00,8.0,0.79,26,63,18,3.0,25.0,0.0,No,1.0,100.0,92.94117647058823,55.0,88.1764705882353,Good and Low Stress
390,36,Female,2021-02-06 23:00:00,2021-02-06 07:00:00,8.0,0.91,25,55,20,1.0,50.0,2.0,No,4.0,100.0,100.0,85.0,97.0,Good and Low Stress
391,21,Male,2021-12-09 23:00:00,2021-12-09 06:30:00,7.5,0.81,15,65,17,2.0,,0.0,No,2.0,100.0,95.29411764705881,70.0,92.11764705882354,Good and Low Stress
392,37,Female,2021-08-24 00:30:00,2021-08-24 05:30:00,5.0,0.52,28,25,52,2.0,50.0,4.0,Yes,1.0,50.0,61.1764705882353,70.0,58.470588235294116,High Risk and Poor Mental Health
393,37,Female,2021-08-30 23:00:00,2021-08-30 06:00:00,7.0,0.52,20,35,45,3.0,,3.0,Yes,4.0,100.0,61.1764705882353,55.0,75.47058823529412,Moderate Risk and Fatigue
394,56,Male,2021-04-30 21:30:00,2021-04-30 04:30:00,7.0,0.84,22,57,20,3.0,0.0,0.0,No,0.0,100.0,98.82352941176471,55.0,90.52941176470588,Good and Low Stress
395,55,Female,2021-05-05 02:00:00,2021-05-05 10:00:00,8.0,0.67,20,30,48,4.0,50.0,5.0,Yes,0.0,100.0,78.82352941176471,40.0,79.52941176470588,Moderate Risk and Fatigue
396,56,Male,2021-12-23 21:30:00,2021-12-23 05:30:00,8.0,0.83,27,55,18,2.0,0.0,,No,3.0,100.0,97.6470588235294,70.0,93.05882352941177,Good and Low Stress
397,57,Female,2021-03-25 01:30:00,2021-03-25 08:30:00,7.0,0.63,28,23,54,1.0,50.0,1.0,No,1.0,100.0,74.11764705882354,85.0,86.64705882352942,Good and Low Stress
398,59,Female,2021-07-18 02:00:00,2021-07-18 10:00:00,8.0,0.64,22,23,54,2.0,50.0,2.0,No,0.0,100.0,75.29411764705883,70.0,84.11764705882354,Moderate Risk and Fatigue
399,30,Female,2021-07-21 01:00:00,2021-07-21 08:00:00,7.0,0.91,28,57,20,0.0,50.0,0.0,No,0.0,100.0,100.0,100.0,100.0,Good and Low Stress
400,32,Female,2021-08-02 02:30:00,2021-08-02 10:00:00,7.5,0.82,28,60,17,3.0,50.0,0.0,No,1.0,100.0,96.47058823529412,55.0,89.58823529411765,Good and Low Stress
401,37,Female,2021-10-03 21:30:00,2021-10-03 05:30:00,8.0,0.92,20,60,15,1.0,25.0,0.0,No,4.0,100.0,100.0,85.0,97.0,Good and Low Stress
402,48,Male,2021-02-01 01:30:00,2021-02-01 09:00:00,7.5,0.92,20,65,13,0.0,0.0,0.0,Yes,3.0,100.0,100.0,100.0,100.0,Good and Low Stress
403,38,Male,2021-11-25 22:00:00,2021-11-25 06:00:00,8.0,0.93,18,70,10,0.0,0.0,0.0,Yes,3.0,100.0,100.0,100.0,100.0,Good and Low Stress
404,58,Male,2021-11-06 21:30:00,2021-11-06 05:30:00,8.0,0.87,27,55,18,0.0,0.0,3.0,Yes,3.0,100.0,100.0,100.0,100.0,Good and Low Stress
405,24,Male,2021-04-10 02:30:00,2021-04-10 08:30:00,6.0,0.64,22,23,54,,,3.0,Yes,1.0,75.0,75.29411764705883,70.0,74.11764705882354,Moderate Risk and Fatigue
406,56,Male,2021-08-15 02:00:00,2021-08-15 07:30:00,5.5,0.9,22,57,20,0.0,0.0,,Yes,3.0,62.5,100.0,100.0,85.0,Good and Low Stress
407,53,Male,2021-04-17 22:30:00,2021-04-17 05:30:00,7.0,0.82,15,62,18,2.0,0.0,0.0,No,3.0,100.0,96.47058823529412,70.0,92.58823529411765,Good and Low Stress
408,35,Female,2021-08-31 00:30:00,2021-08-31 08:30:00,8.0,0.86,24,63,18,,25.0,1.0,Yes,0.0,100.0,100.0,70.0,94.0,Good and Low Stress
409,61,Female,2021-06-06 00:00:00,2021-06-06 08:00:00,8.0,0.73,26,63,18,3.0,0.0,2.0,No,0.0,100.0,85.88235294117646,55.0,85.35294117647058,Good and Low Stress
410,32,Female,2021-11-12 23:00:00,2021-11-12 07:00:00,8.0,0.9,28,60,17,0.0,50.0,0.0,Yes,1.0,100.0,100.0,100.0,100.0,Good and Low Stress
411,58,Male,2021-10-02 02:00:00,2021-10-02 09:00:00,7.0,0.68,18,35,45,1.0,0.0,4.0,Yes,3.0,100.0,80.0,85.0,89.0,Good and Low Stress
412,53,Male,2021-09-27 00:00:00,2021-09-27 07:00:00,7.0,0.82,20,70,10,3.0,0.0,0.0,No,2.0,100.0,96.47058823529412,55.0,89.58823529411765,Good and Low Stress
413,27,Female,2021-11-14 01:00:00,2021-11-14 08:00:00,7.0,0.74,18,70,10,3.0,25.0,0.0,No,1.0,100.0,87.05882352941177,55.0,85.82352941176471,Good and Low Stress
414,51,Male,2021-10-25 00:30:00,2021-10-25 09:00:00,8.5,0.88,28,57,20,1.0,50.0,0.0,Yes,3.0,100.0,100.0,85.0,97.0,Good and Low Stress
415,28,Female,2021-09-19 00:00:00,2021-09-19 08:00:00,8.0,0.72,26,63,18,1.0,25.0,4.0,No,1.0,100.0,84.70588235294117,85.0,90.88235294117646,Good and Low Stress
416,49,Male,2021-03-03 00:00:00,2021-03-03 07:00:00,7.0,0.67,22,22,55,1.0,0.0,4.0,No,0.0,100.0,78.82352941176471,85.0,88.52941176470588,Good and Low Stress
417,49,Female,2021-01-04 22:00:00,2021-01-04 05:00:00,7.0,0.87,18,55,20,0.0,0.0,0.0,No,5.0,100.0,100.0,100.0,100.0,Good and Low Stress
418,44,Male,2021-10-07 22:00:00,2021-10-07 05:00:00,7.0,0.66,18,35,45,4.0,0.0,3.0,Yes,3.0,100.0,77.64705882352942,40.0,79.05882352941177,Moderate Risk and Fatigue
419,51,Male,2021-07-26 22:00:00,2021-07-26 07:00:00,9.0,0.66,22,22,55,1.0,0.0,2.0,No,0.0,100.0,77.64705882352942,85.0,88.05882352941177,Good and Low Stress
420,21,Male,2021-03-04 00:30:00,2021-03-04 09:00:00,8.5,0.87,26,63,18,0.0,50.0,0.0,Yes,1.0,100.0,100.0,100.0,100.0,Good and Low Stress
421,55,Male,2021-10-04 21:30:00,2021-10-04 04:30:00,7.0,0.51,27,20,53,4.0,0.0,,Yes,3.0,100.0,60.0,40.0,72.0,Moderate Risk and Fatigue
422,44,Male,2021-05-05 22:30:00,2021-05-05 05:30:00,7.0,0.79,22,57,20,4.0,0.0,0.0,No,0.0,100.0,92.94117647058823,40.0,85.1764705882353,Good and Low Stress
423,41,Female,2021-07-11 21:00:00,2021-07-11 04:00:00,7.0,0.8,20,65,13,4.0,25.0,1.0,No,0.0,100.0,94.11764705882352,40.0,85.64705882352942,Good and Low Stress
424,41,Female,2021-10-17 00:30:00,2021-10-17 08:00:00,7.5,0.55,28,25,52,1.0,50.0,4.0,Yes,1.0,100.0,64.70588235294117,85.0,82.88235294117646,Moderate Risk and Fatigue
425,19,Male,2021-04-24 00:00:00,2021-04-24 08:00:00,8.0,0.85,15,70,15,0.0,0.0,4.0,Yes,2.0,100.0,100.0,100.0,100.0,Good and Low Stress
426,26,Female,2021-10-31 21:00:00,2021-10-31 03:00:00,6.0,0.88,28,60,17,0.0,50.0,0.0,No,1.0,75.0,100.0,100.0,90.0,Good and Low Stress
427,26,Male,2021-05-12 23:00:00,2021-05-12 06:00:00,7.0,0.88,18,65,17,1.0,75.0,,No,4.0,100.0,100.0,85.0,97.0,Good and Low Stress
428,54,Male,2021-12-09 23:00:00,2021-12-09 07:00:00,8.0,0.93,27,55,18,0.0,0.0,3.0,No,3.0,100.0,100.0,100.0,100.0,Good and Low Stress
429,23,Male,2021-01-11 01:00:00,2021-01-11 09:00:00,8.0,0.63,18,35,45,2.0,0.0,5.0,No,3.0,100.0,74.11764705882354,70.0,83.64705882352942,Moderate Risk and Fatigue
430,52,Male,2021-01-05 22:30:00,2021-01-05 06:00:00,7.5,0.92,25,62,18,1.0,0.0,0.0,No,4.0,100.0,100.0,85.0,97.0,Good and Low Stress
431,38,Female,2021-06-30 00:30:00,2021-06-30 06:30:00,6.0,0.8,28,60,17,1.0,50.0,0.0,Yes,1.0,75.0,94.11764705882352,85.0,84.64705882352942,Moderate Risk and Fatigue
432,37,Female,2021-10-20 23:00:00,2021-10-20 06:00:00,7.0,0.92,25,55,20,1.0,50.0,1.0,No,3.0,100.0,100.0,85.0,97.0,Good and Low Stress
433,55,Male,2021-04-27 01:00:00,2021-04-27 09:00:00,8.0,0.77,28,58,19,3.0,0.0,3.0,No,3.0,100.0,90.58823529411765,55.0,87.23529411764707,Good and Low Stress
434,29,Female,2021-02-16 21:00:00,2021-02-16 04:30:00,7.5,0.9,25,63,15,0.0,75.0,0.0,Yes,2.0,100.0,100.0,100.0,100.0,Good and Low Stress
435,28,Female,2021-08-11 23:00:00,2021-08-11 07:00:00,8.0,0.9,22,63,15,,75.0,2.0,No,4.0,100.0,100.0,70.0,94.0,Good and Low Stress
436,40,Female,2021-02-12 22:00:00,2021-02-12 05:00:00,7.0,0.96,28,57,21,0.0,0.0,0.0,No,3.0,100.0,100.0,100.0,100.0,Good and Low Stress
437,59,Male,2021-06-10 21:30:00,2021-06-10 05:30:00,8.0,0.72,27,55,18,2.0,0.0,3.0,No,3.0,100.0,84.70588235294117,70.0,87.88235294117646,Good and Low Stress
438,56,Male,2021-03-11 01:00:00,2021-03-11 09:00:00,8.0,0.86,27,55,18,0.0,0.0,3.0,No,3.0,100.0,100.0,100.0,100.0,Good and Low Stress
439,55,Male,2021-04-14 01:30:00,2021-04-14 07:30:00,6.0,0.9,28,57,20,1.0,0.0,3.0,No,3.0,75.0,100.0,85.0,87.0,Good and Low Stress
440,25,Male,2021-11-30 23:00:00,2021-11-30 06:30:00,7.5,0.5,20,35,45,4.0,0.0,3.0,Yes,3.0,100.0,58.82352941176471,40.0,71.52941176470588,Moderate Risk and Fatigue
441,28,Female,2021-02-06 21:00:00,2021-02-06 05:00:00,8.0,0.88,30,63,15,0.0,75.0,,Yes,2.0,100.0,100.0,100.0,100.0,Good and Low Stress
442,46,Male,2021-03-30 00:00:00,2021-03-30 09:00:00,9.0,0.6,22,22,55,4.0,0.0,3.0,No,0.0,100.0,70.58823529411765,40.0,76.23529411764706,Moderate Risk and Fatigue
443,27,Female,2021-02-06 01:30:00,2021-02-06 08:30:00,7.0,0.68,22,22,55,1.0,,4.0,No,1.0,100.0,80.0,85.0,89.0,Good and Low Stress
444,65,Female,2021-09-05 02:00:00,2021-09-05 09:30:00,7.5,0.67,22,23,54,4.0,50.0,2.0,No,0.0,100.0,78.82352941176471,40.0,79.52941176470588,Moderate Risk and Fatigue
445,24,Male,2021-05-07 00:00:00,2021-05-07 07:30:00,7.5,0.58,24,28,53,1.0,0.0,2.0,Yes,0.0,100.0,68.23529411764704,85.0,84.29411764705881,Moderate Risk and Fatigue
446,30,Female,2021-11-16 23:00:00,2021-11-16 06:30:00,7.5,0.53,28,25,52,4.0,50.0,2.0,Yes,1.0,100.0,62.35294117647059,40.0,72.94117647058823,Moderate Risk and Fatigue
447,23,Male,2021-04-21 00:00:00,2021-04-21 07:00:00,7.0,0.5,15,40,45,2.0,0.0,4.0,Yes,,100.0,58.82352941176471,70.0,77.52941176470588,Moderate Risk and Fatigue
448,27,Female,2021-11-13 22:00:00,2021-11-13 05:30:00,7.5,0.91,25,57,21,0.0,0.0,0.0,No,5.0,100.0,100.0,100.0,100.0,Good and Low Stress
449,52,Male,2021-03-31 21:00:00,2021-03-31 03:00:00,6.0,0.74,28,57,21,4.0,25.0,0.0,No,3.0,75.0,87.05882352941177,40.0,72.82352941176471,Moderate Risk and Fatigue
450,40,Female,2021-09-07 23:00:00,2021-09-07 07:30:00,8.5,0.55,20,30,48,1.0,,3.0,Yes,0.0,100.0,64.70588235294117,85.0,82.88235294117646,Moderate Risk and Fatigue
451,45,Male,2021-07-29 21:00:00,2021-07-29 04:00:00,7.0,0.76,18,70,10,3.0,0.0,0.0,No,3.0,100.0,89.41176470588236,55.0,86.76470588235296,Good and Low Stress
452,18,Male,2021-03-17 02:30:00,2021-03-17 10:00:00,7.5,0.63,22,23,54,1.0,50.0,1.0,No,1.0,100.0,74.11764705882354,85.0,86.64705882352942,Good and Low Stress
